Time,Wrist_PosX,Wrist_PosY,Wrist_PosZ,Wrist_RotX,Wrist_RotY,Wrist_RotZ,Wrist_RotW,Wrist_PosX.1,Wrist_PosY.1,Wrist_PosZ.1,Wrist_RotX.1,Wrist_RotY.1,Wrist_RotZ.1,Wrist_RotW.1,ThumbDistal_PosX,ThumbDistal_PosY,ThumbDistal_PosZ,ThumbDistal_RotX,ThumbDistal_RotY,ThumbDistal_RotZ,ThumbDistal_RotW,ThumbTip_PosX,ThumbTip_PosY,ThumbTip_PosZ,ThumbTip_RotX,ThumbTip_RotY,ThumbTip_RotZ,ThumbTip_RotW,IndexDistal_PosX,IndexDistal_PosY,IndexDistal_PosZ,IndexDistal_RotX,IndexDistal_RotY,IndexDistal_RotZ,IndexDistal_RotW,IndexTip_PosX,IndexTip_PosY,IndexTip_PosZ,IndexTip_RotX,IndexTip_RotY,IndexTip_RotZ,IndexTip_RotW,MiddleDistal_PosX,MiddleDistal_PosY,MiddleDistal_PosZ,MiddleDistal_RotX,MiddleDistal_RotY,MiddleDistal_RotZ,MiddleDistal_RotW,MiddleTip_PosX,MiddleTip_PosY,MiddleTip_PosZ,MiddleTip_RotX,MiddleTip_RotY,MiddleTip_RotZ,MiddleTip_RotW,RingDistal_PosX,RingDistal_PosY,RingDistal_PosZ,RingDistal_RotX,RingDistal_RotY,RingDistal_RotZ,RingDistal_RotW,RingTip_PosX,RingTip_PosY,RingTip_PosZ,RingTip_RotX,RingTip_RotY,RingTip_RotZ,RingTip_RotW,LittleDistal_PosX,LittleDistal_PosY,LittleDistal_PosZ,LittleDistal_RotX,LittleDistal_RotY,LittleDistal_RotZ,LittleDistal_RotW,LittleTip_PosX,LittleTip_PosY,LittleTip_PosZ,LittleTip_RotX,LittleTip_RotY,LittleTip_RotZ,LittleTip_RotW,state
0,0.1586,0.8721,0.0913,-0.0985,-0.0853,-0.7597,0.6371,0.1586,0.8721,0.0913,-0.0985,-0.0853,-0.7597,0.6371,0.1139,0.9403,0.1719,0.1381,-0.2624,0.0786,0.9518,0.1022,0.9337,0.1931,0.1381,-0.2624,0.0786,0.9518,0.1193,0.9256,0.1782,0.6377,-0.6404,0.3579,-0.2349,0.1359,0.9216,0.163,0.6377,-0.6404,0.3579,-0.2349,0.1135,0.9069,0.1714,0.6495,-0.6157,0.3424,-0.2862,0.1331,0.9053,0.1552,0.6495,-0.6157,0.3424,-0.2862,0.1122,0.892,0.1619,0.5478,-0.6807,0.3474,-0.3406,0.1323,0.8895,0.1475,0.5478,-0.6807,0.3474,-0.3406,0.1123,0.8766,0.1567,0.5019,-0.7368,0.3217,-0.3191,0.1294,0.8737,0.1426,0.5019,-0.7368,0.3217,-0.3191,4
15,0.1586,0.8721,0.0913,-0.0985,-0.0853,-0.7597,0.6371,0.1586,0.8721,0.0913,-0.0985,-0.0853,-0.7597,0.6371,0.1139,0.9403,0.1719,0.1381,-0.2624,0.0786,0.9518,0.1022,0.9337,0.1931,0.1381,-0.2624,0.0786,0.9518,0.1193,0.9256,0.1782,0.6377,-0.6404,0.3579,-0.2349,0.1359,0.9216,0.163,0.6377,-0.6404,0.3579,-0.2349,0.1135,0.9069,0.1714,0.6495,-0.6157,0.3424,-0.2862,0.1331,0.9053,0.1552,0.6495,-0.6157,0.3424,-0.2862,0.1122,0.892,0.1619,0.5478,-0.6807,0.3474,-0.3406,0.1323,0.8895,0.1475,0.5478,-0.6807,0.3474,-0.3406,0.1123,0.8766,0.1567,0.5019,-0.7368,0.3217,-0.3191,0.1294,0.8737,0.1426,0.5019,-0.7368,0.3217,-0.3191,4
29,0.1585,0.8715,0.0922,-0.097,-0.0838,-0.757,0.6407,0.1585,0.8715,0.0922,-0.097,-0.0838,-0.757,0.6407,0.1134,0.9391,0.1731,0.1439,-0.2609,0.0815,0.9511,0.1018,0.9323,0.1944,0.1439,-0.2609,0.0815,0.9511,0.1187,0.9243,0.179,0.64,-0.6379,0.3558,-0.2387,0.1353,0.9205,0.1638,0.64,-0.6379,0.3558,-0.2387,0.1132,0.9056,0.1723,0.6516,-0.6136,0.3396,-0.2893,0.1328,0.9042,0.1561,0.6516,-0.6136,0.3396,-0.2893,0.112,0.8907,0.1628,0.5497,-0.6783,0.3454,-0.3441,0.1321,0.8885,0.1484,0.5497,-0.6783,0.3454,-0.3441,0.1123,0.8753,0.1574,0.5041,-0.7337,0.3212,-0.3231,0.1295,0.8726,0.1434,0.5041,-0.7337,0.3212,-0.3231,4
42,0.1585,0.8717,0.0926,-0.0978,-0.0831,-0.7517,0.6468,0.1585,0.8717,0.0926,-0.0978,-0.0831,-0.7517,0.6468,0.1125,0.9386,0.1736,0.1483,-0.2585,0.0906,0.9503,0.1011,0.9314,0.1948,0.1483,-0.2585,0.0906,0.9503,0.1182,0.9237,0.1792,0.6456,-0.633,0.3527,-0.241,0.1348,0.9202,0.164,0.6456,-0.633,0.3527,-0.241,0.113,0.9051,0.1728,0.6571,-0.6095,0.3351,-0.2907,0.1325,0.904,0.1564,0.6571,-0.6095,0.3351,-0.2907,0.1121,0.8901,0.1633,0.5554,-0.6743,0.342,-0.3463,0.1322,0.8882,0.1488,0.5554,-0.6743,0.342,-0.3463,0.1126,0.8746,0.1578,0.5104,-0.7297,0.3184,-0.325,0.1299,0.8722,0.1437,0.5104,-0.7297,0.3184,-0.325,4
56,0.1587,0.8713,0.0928,-0.0957,-0.0751,-0.7528,0.6469,0.1587,0.8713,0.0928,-0.0957,-0.0751,-0.7528,0.6469,0.1134,0.9373,0.1751,0.1504,-0.2558,0.0852,0.9511,0.1022,0.9301,0.1964,0.1504,-0.2558,0.0852,0.9511,0.1189,0.9221,0.1804,0.645,-0.6385,0.3436,-0.2415,0.1354,0.9188,0.1649,0.645,-0.6385,0.3436,-0.2415,0.1136,0.9036,0.1738,0.6559,-0.6152,0.3261,-0.2917,0.1329,0.9027,0.1571,0.6559,-0.6152,0.3261,-0.2917,0.1128,0.8888,0.164,0.5534,-0.6794,0.3341,-0.3472,0.1328,0.887,0.1493,0.5534,-0.6794,0.3341,-0.3472,0.1132,0.8734,0.1582,0.5079,-0.7337,0.3115,-0.3266,0.1304,0.8712,0.144,0.5079,-0.7337,0.3115,-0.3266,4
70,0.1587,0.8709,0.0929,-0.0938,-0.0701,-0.7537,0.6467,0.1587,0.8709,0.0929,-0.0938,-0.0701,-0.7537,0.6467,0.1141,0.9366,0.176,0.1494,-0.2544,0.0806,0.9521,0.1029,0.9295,0.1973,0.1494,-0.2544,0.0806,0.9521,0.1192,0.9209,0.1812,0.6448,-0.6431,0.3358,-0.2407,0.1355,0.9178,0.1654,0.6448,-0.6431,0.3358,-0.2407,0.1139,0.9026,0.1744,0.6551,-0.6197,0.319,-0.2916,0.133,0.9018,0.1575,0.6551,-0.6197,0.319,-0.2916,0.1131,0.8878,0.1645,0.5518,-0.683,0.3286,-0.348,0.133,0.8863,0.1496,0.5518,-0.683,0.3286,-0.348,0.1135,0.8725,0.1584,0.5058,-0.7363,0.307,-0.3283,0.1307,0.8704,0.1442,0.5058,-0.7363,0.307,-0.3283,4
84,0.1587,0.8711,0.0928,-0.0951,-0.068,-0.7548,0.6454,0.1587,0.8711,0.0928,-0.0951,-0.068,-0.7548,0.6454,0.1144,0.9366,0.1762,0.1511,-0.2528,0.0801,0.9523,0.1033,0.9294,0.1976,0.1511,-0.2528,0.0801,0.9523,0.1196,0.9212,0.1813,0.6449,-0.6467,0.3313,-0.237,0.1356,0.918,0.1653,0.6449,-0.6467,0.3313,-0.237,0.1141,0.9028,0.1746,0.6556,-0.6242,0.3134,-0.287,0.133,0.9021,0.1575,0.6556,-0.6242,0.3134,-0.287,0.1133,0.8881,0.1646,0.5514,-0.686,0.3258,-0.3453,0.1331,0.8865,0.1496,0.5514,-0.686,0.3258,-0.3453,0.1137,0.8728,0.1585,0.5047,-0.7386,0.3052,-0.3266,0.1308,0.8707,0.1441,0.5047,-0.7386,0.3052,-0.3266,4
98,0.1586,0.8712,0.0928,-0.0958,-0.0665,-0.7559,0.6443,0.1586,0.8712,0.0928,-0.0958,-0.0665,-0.7559,0.6443,0.1145,0.9364,0.1765,0.1535,-0.2519,0.0805,0.9521,0.1034,0.9291,0.1978,0.1535,-0.2519,0.0805,0.9521,0.1198,0.9212,0.1815,0.6449,-0.65,0.3268,-0.234,0.1356,0.9181,0.1653,0.6449,-0.65,0.3268,-0.234,0.1143,0.903,0.1748,0.6561,-0.6283,0.3079,-0.2827,0.1328,0.9022,0.1574,0.6561,-0.6283,0.3079,-0.2827,0.1134,0.8883,0.1648,0.551,-0.6888,0.323,-0.3431,0.1331,0.8866,0.1496,0.551,-0.6888,0.323,-0.3431,0.1139,0.8729,0.1585,0.5035,-0.7404,0.3035,-0.3258,0.1309,0.8708,0.1441,0.5035,-0.7404,0.3035,-0.3258,4
112,0.1586,0.8712,0.0928,-0.099,-0.0619,-0.7557,0.6445,0.1586,0.8712,0.0928,-0.099,-0.0619,-0.7557,0.6445,0.1153,0.9359,0.1772,0.1585,-0.2467,0.0811,0.9526,0.1045,0.9284,0.1986,0.1585,-0.2467,0.0811,0.9526,0.1208,0.9211,0.182,0.6462,-0.6524,0.3215,-0.2312,0.1364,0.918,0.1657,0.6462,-0.6524,0.3215,-0.2312,0.1152,0.9029,0.1754,0.6575,-0.631,0.3028,-0.2792,0.1335,0.9021,0.1578,0.6575,-0.631,0.3028,-0.2792,0.1142,0.8882,0.1655,0.5524,-0.6921,0.3177,-0.3389,0.1336,0.8866,0.15,0.5524,-0.6921,0.3177,-0.3389,0.1145,0.8729,0.1591,0.5042,-0.7428,0.3001,-0.3224,0.1314,0.8708,0.1445,0.5042,-0.7428,0.3001,-0.3224,4
126,0.1588,0.8714,0.0927,-0.101,-0.0651,-0.7535,0.6463,0.1588,0.8714,0.0927,-0.101,-0.0651,-0.7535,0.6463,0.115,0.9364,0.1767,0.1568,-0.2461,0.0846,0.9527,0.1043,0.9289,0.1981,0.1568,-0.2461,0.0846,0.9527,0.1206,0.9216,0.1814,0.6484,-0.6485,0.3247,-0.2314,0.1363,0.9185,0.1651,0.6484,-0.6485,0.3247,-0.2314,0.1151,0.9033,0.175,0.6602,-0.6277,0.3045,-0.2781,0.1334,0.9026,0.1574,0.6602,-0.6277,0.3045,-0.2781,0.1141,0.8886,0.1652,0.5558,-0.6893,0.3191,-0.3377,0.1336,0.887,0.1498,0.5558,-0.6893,0.3191,-0.3377,0.1146,0.8732,0.159,0.5074,-0.7398,0.3029,-0.3217,0.1315,0.8711,0.1445,0.5074,-0.7398,0.3029,-0.3217,4
139,0.1592,0.8712,0.0924,-0.1052,-0.0656,-0.749,0.6508,0.1592,0.8712,0.0924,-0.1052,-0.0656,-0.749,0.6508,0.1151,0.9361,0.1763,0.1593,-0.2416,0.092,0.9528,0.1046,0.9284,0.1978,0.1593,-0.2416,0.092,0.9528,0.121,0.9215,0.1809,0.6537,-0.6437,0.3244,-0.2307,0.1367,0.9185,0.1647,0.6537,-0.6437,0.3244,-0.2307,0.1157,0.9031,0.1748,0.6657,-0.6233,0.3032,-0.2764,0.134,0.9025,0.1571,0.6657,-0.6233,0.3032,-0.2764,0.1148,0.8883,0.1651,0.5621,-0.686,0.3175,-0.3356,0.1342,0.8869,0.1495,0.5621,-0.686,0.3175,-0.3356,0.1154,0.8729,0.159,0.5136,-0.7365,0.3026,-0.3198,0.1323,0.8709,0.1444,0.5136,-0.7365,0.3026,-0.3198,4
153,0.1593,0.8712,0.0921,-0.1112,-0.0712,-0.7444,0.6546,0.1593,0.8712,0.0921,-0.1112,-0.0712,-0.7444,0.6546,0.1148,0.9368,0.1752,0.1578,-0.2379,0.0998,0.9532,0.1045,0.9291,0.1968,0.1578,-0.2379,0.0998,0.9532,0.1208,0.9225,0.18,0.6595,-0.6367,0.3285,-0.2275,0.1366,0.9194,0.1638,0.6595,-0.6367,0.3285,-0.2275,0.1156,0.904,0.1742,0.6721,-0.6172,0.3057,-0.2721,0.1339,0.9032,0.1564,0.6721,-0.6172,0.3057,-0.2721,0.115,0.889,0.1648,0.5693,-0.6804,0.3203,-0.3321,0.1343,0.8875,0.1492,0.5693,-0.6804,0.3203,-0.3321,0.1157,0.8735,0.1589,0.5211,-0.7314,0.306,-0.316,0.1325,0.8714,0.1443,0.5211,-0.7314,0.306,-0.316,4
167,0.1593,0.8711,0.0921,-0.1128,-0.0741,-0.7425,0.6561,0.1593,0.8711,0.0921,-0.1128,-0.0741,-0.7425,0.6561,0.1145,0.9369,0.1747,0.1584,-0.2372,0.1029,0.9529,0.1043,0.9292,0.1963,0.1584,-0.2372,0.1029,0.9529,0.1205,0.9227,0.1795,0.6613,-0.6332,0.3316,-0.2277,0.1364,0.9196,0.1634,0.6613,-0.6332,0.3316,-0.2277,0.1155,0.9041,0.1738,0.6742,-0.6141,0.3077,-0.2713,0.1338,0.9034,0.1561,0.6742,-0.6141,0.3077,-0.2713,0.1149,0.8891,0.1645,0.5719,-0.6777,0.3222,-0.3314,0.1342,0.8876,0.149,0.5719,-0.6777,0.3222,-0.3314,0.1156,0.8736,0.1588,0.524,-0.7289,0.3082,-0.3149,0.1325,0.8715,0.1442,0.524,-0.7289,0.3082,-0.3149,4
181,0.1593,0.871,0.092,-0.114,-0.0761,-0.7412,0.6571,0.1593,0.871,0.092,-0.114,-0.0761,-0.7412,0.6571,0.1144,0.937,0.1744,0.1599,-0.2363,0.1047,0.9527,0.1042,0.9291,0.196,0.1599,-0.2363,0.1047,0.9527,0.1204,0.9228,0.1791,0.6624,-0.6305,0.3342,-0.2282,0.1363,0.9197,0.1631,0.6624,-0.6305,0.3342,-0.2282,0.1154,0.9042,0.1735,0.6757,-0.6118,0.3094,-0.2709,0.1337,0.9034,0.1558,0.6757,-0.6118,0.3094,-0.2709,0.1148,0.8891,0.1644,0.5738,-0.6758,0.3234,-0.3308,0.1341,0.8877,0.1488,0.5738,-0.6758,0.3234,-0.3308,0.1156,0.8736,0.1587,0.5261,-0.7271,0.3098,-0.3139,0.1324,0.8714,0.1441,0.5261,-0.7271,0.3098,-0.3139,4
195,0.1594,0.8709,0.0919,-0.1148,-0.0776,-0.7402,0.658,0.1594,0.8709,0.0919,-0.1148,-0.0776,-0.7402,0.658,0.1144,0.9369,0.1741,0.1618,-0.2351,0.1055,0.9526,0.1044,0.929,0.1957,0.1618,-0.2351,0.1055,0.9526,0.1203,0.9229,0.1788,0.6631,-0.6281,0.3367,-0.2291,0.1363,0.9198,0.1628,0.6631,-0.6281,0.3367,-0.2291,0.1153,0.9042,0.1732,0.6768,-0.6099,0.3109,-0.2708,0.1337,0.9034,0.1555,0.6768,-0.6099,0.3109,-0.2708,0.1147,0.8891,0.1642,0.5754,-0.6743,0.3244,-0.3303,0.1341,0.8876,0.1486,0.5754,-0.6743,0.3244,-0.3303,0.1156,0.8735,0.1586,0.528,-0.7256,0.3112,-0.3128,0.1324,0.8713,0.144,0.528,-0.7256,0.3112,-0.3128,4
209,0.1595,0.8708,0.0921,-0.1132,-0.0779,-0.7423,0.6558,0.1595,0.8708,0.0921,-0.1132,-0.0779,-0.7423,0.6558,0.1148,0.9371,0.1742,0.1618,-0.2374,0.102,0.9524,0.1046,0.9292,0.1957,0.1618,-0.2374,0.102,0.9524,0.1205,0.9229,0.1789,0.6601,-0.6292,0.3394,-0.2308,0.1366,0.9197,0.1631,0.6601,-0.6292,0.3394,-0.2308,0.1154,0.9043,0.1732,0.6745,-0.612,0.3118,-0.2708,0.1338,0.9034,0.1556,0.6745,-0.612,0.3118,-0.2708,0.1148,0.8892,0.1642,0.5727,-0.6756,0.3257,-0.3307,0.1342,0.8876,0.1487,0.5727,-0.6756,0.3257,-0.3307,0.1155,0.8736,0.1585,0.5255,-0.7266,0.3129,-0.3129,0.1324,0.8713,0.1439,0.5255,-0.7266,0.3129,-0.3129,4
223,0.1597,0.8708,0.0921,-0.1138,-0.0777,-0.7426,0.6554,0.1597,0.8708,0.0921,-0.1138,-0.0777,-0.7426,0.6554,0.1152,0.9372,0.1743,0.1602,-0.2368,0.1004,0.953,0.105,0.9294,0.1959,0.1602,-0.2368,0.1004,0.953,0.1208,0.9229,0.1788,0.6593,-0.6283,0.3417,-0.2321,0.1371,0.9197,0.1631,0.6593,-0.6283,0.3417,-0.2321,0.1157,0.9043,0.1733,0.6745,-0.6126,0.3115,-0.2698,0.134,0.9034,0.1556,0.6745,-0.6126,0.3115,-0.2698,0.1151,0.8892,0.1642,0.5727,-0.6757,0.3263,-0.3301,0.1345,0.8876,0.1487,0.5727,-0.6757,0.3263,-0.3301,0.1157,0.8735,0.1585,0.5259,-0.7267,0.3137,-0.3113,0.1326,0.8712,0.1439,0.5259,-0.7267,0.3137,-0.3113,4
237,0.1597,0.8706,0.0924,-0.1144,-0.0775,-0.7439,0.6538,0.1597,0.8706,0.0924,-0.1144,-0.0775,-0.7439,0.6538,0.1157,0.9372,0.1745,0.1588,-0.2366,0.0976,0.9536,0.1055,0.9295,0.1961,0.1588,-0.2366,0.0976,0.9536,0.1212,0.923,0.1791,0.6581,-0.6291,0.3433,-0.2309,0.1374,0.9197,0.1634,0.6581,-0.6291,0.3433,-0.2309,0.1159,0.9044,0.1736,0.6739,-0.6147,0.3109,-0.2672,0.1342,0.9034,0.1558,0.6739,-0.6147,0.3109,-0.2672,0.1152,0.8893,0.1645,0.572,-0.6774,0.3263,-0.3279,0.1345,0.8876,0.1489,0.572,-0.6774,0.3263,-0.3279,0.1158,0.8736,0.1587,0.525,-0.7274,0.3152,-0.3097,0.1327,0.8711,0.1441,0.525,-0.7274,0.3152,-0.3097,4
251,0.1598,0.8704,0.0926,-0.1131,-0.0772,-0.7457,0.652,0.1598,0.8704,0.0926,-0.1131,-0.0772,-0.7457,0.652,0.116,0.937,0.1748,0.1559,-0.2382,0.094,0.954,0.1056,0.9295,0.1964,0.1559,-0.2382,0.094,0.954,0.1213,0.9228,0.1793,0.6561,-0.6304,0.3447,-0.231,0.1376,0.9194,0.1636,0.6561,-0.6304,0.3447,-0.231,0.1159,0.9042,0.1737,0.6723,-0.6169,0.3108,-0.2663,0.1342,0.9031,0.156,0.6723,-0.6169,0.3108,-0.2663,0.1152,0.8891,0.1646,0.5703,-0.679,0.3267,-0.3272,0.1345,0.8873,0.149,0.5703,-0.679,0.3267,-0.3272,0.1158,0.8733,0.1588,0.5229,-0.7284,0.3167,-0.3094,0.1326,0.8708,0.1442,0.5229,-0.7284,0.3167,-0.3094,4
265,0.161,0.8698,0.0935,-0.111,-0.0714,-0.7417,0.6576,0.161,0.8698,0.0935,-0.111,-0.0714,-0.7417,0.6576,0.1164,0.935,0.1765,0.1502,-0.2393,0.099,0.9541,0.106,0.9277,0.1981,0.1502,-0.2393,0.099,0.9541,0.1222,0.9207,0.1813,0.662,-0.6306,0.3342,-0.2289,0.1382,0.9176,0.1653,0.662,-0.6306,0.3342,-0.2289,0.1171,0.902,0.1756,0.6763,-0.6152,0.3036,-0.2684,0.1352,0.9014,0.1576,0.6763,-0.6152,0.3036,-0.2684,0.1165,0.887,0.1661,0.5747,-0.6787,0.3183,-0.3283,0.1356,0.8856,0.1503,0.5747,-0.6787,0.3183,-0.3283,0.1172,0.8715,0.16,0.5282,-0.7305,0.303,-0.3092,0.1338,0.8694,0.1451,0.5282,-0.7305,0.303,-0.3092,4
459,0.161,0.8698,0.0935,-0.111,-0.0714,-0.7417,0.6576,0.161,0.8698,0.0935,-0.111,-0.0714,-0.7417,0.6576,0.1164,0.935,0.1765,0.1502,-0.2393,0.099,0.9541,0.106,0.9277,0.1981,0.1502,-0.2393,0.099,0.9541,0.1222,0.9207,0.1813,0.662,-0.6306,0.3342,-0.2289,0.1382,0.9176,0.1653,0.662,-0.6306,0.3342,-0.2289,0.1171,0.902,0.1756,0.6763,-0.6152,0.3036,-0.2684,0.1352,0.9014,0.1576,0.6763,-0.6152,0.3036,-0.2684,0.1165,0.887,0.1661,0.5747,-0.6787,0.3183,-0.3283,0.1356,0.8856,0.1503,0.5747,-0.6787,0.3183,-0.3283,0.1172,0.8715,0.16,0.5282,-0.7305,0.303,-0.3092,0.1338,0.8694,0.1451,0.5282,-0.7305,0.303,-0.3092,4
473,0.1604,0.8702,0.0927,-0.1107,-0.0767,-0.7451,0.6532,0.1604,0.8702,0.0927,-0.1107,-0.0767,-0.7451,0.6532,0.116,0.9363,0.1752,0.1529,-0.2405,0.0957,0.9537,0.1055,0.9289,0.1968,0.1529,-0.2405,0.0957,0.9537,0.1215,0.9221,0.1795,0.6578,-0.6279,0.3472,-0.229,0.1378,0.9186,0.1639,0.6578,-0.6279,0.3472,-0.229,0.1162,0.9036,0.1741,0.6724,-0.6154,0.3114,-0.2686,0.1345,0.9026,0.1564,0.6724,-0.6154,0.3114,-0.2686,0.1155,0.8884,0.1646,0.5705,-0.6778,0.3266,-0.3293,0.1349,0.8867,0.1491,0.5705,-0.6778,0.3266,-0.3293,0.1162,0.8728,0.1587,0.5244,-0.7291,0.3124,-0.3096,0.133,0.8704,0.1441,0.5244,-0.7291,0.3124,-0.3096,4
517,0.1604,0.8702,0.0928,-0.1104,-0.0742,-0.7459,0.6526,0.1604,0.8702,0.0928,-0.1104,-0.0742,-0.7459,0.6526,0.1164,0.936,0.1756,0.1523,-0.2393,0.0933,0.9544,0.106,0.9286,0.1973,0.1523,-0.2393,0.0933,0.9544,0.1219,0.9219,0.1799,0.6573,-0.6303,0.3444,-0.2283,0.138,0.9184,0.1642,0.6573,-0.6303,0.3444,-0.2283,0.1165,0.9034,0.1744,0.6716,-0.6174,0.3092,-0.2685,0.1347,0.9024,0.1567,0.6716,-0.6174,0.3092,-0.2685,0.1158,0.8883,0.1649,0.5696,-0.68,0.3242,-0.3288,0.1351,0.8866,0.1493,0.5696,-0.68,0.3242,-0.3288,0.1164,0.8726,0.1589,0.5232,-0.7308,0.3105,-0.3093,0.1331,0.8703,0.1442,0.5232,-0.7308,0.3105,-0.3093,4
555,0.1603,0.8702,0.0929,-0.1107,-0.0636,-0.7516,0.6472,0.1603,0.8702,0.0929,-0.1107,-0.0636,-0.7516,0.6472,0.1184,0.9352,0.1774,0.1546,-0.2354,0.0824,0.956,0.1081,0.9279,0.1991,0.1546,-0.2354,0.0824,0.956,0.1238,0.9212,0.1815,0.6523,-0.6414,0.3354,-0.2249,0.1396,0.9177,0.1655,0.6523,-0.6414,0.3354,-0.2249,0.1179,0.9029,0.1757,0.6663,-0.6282,0.3013,-0.2657,0.1359,0.9018,0.1576,0.6663,-0.6282,0.3013,-0.2657,0.1168,0.8879,0.166,0.5633,-0.6904,0.3171,-0.325,0.1359,0.8862,0.15,0.5633,-0.6904,0.3171,-0.325,0.1171,0.8724,0.1596,0.5158,-0.7396,0.3048,-0.3065,0.1337,0.87,0.1447,0.5158,-0.7396,0.3048,-0.3065,4
583,0.1602,0.8702,0.0929,-0.111,-0.0591,-0.7542,0.6445,0.1602,0.8702,0.0929,-0.111,-0.0591,-0.7542,0.6445,0.1191,0.9348,0.1781,0.1565,-0.2339,0.0787,0.9563,0.1089,0.9274,0.1998,0.1565,-0.2339,0.0787,0.9563,0.1246,0.921,0.1822,0.65,-0.6462,0.3319,-0.2232,0.1403,0.9175,0.166,0.65,-0.6462,0.3319,-0.2232,0.1186,0.9027,0.1763,0.6641,-0.6331,0.2977,-0.2637,0.1364,0.9016,0.158,0.6641,-0.6331,0.2977,-0.2637,0.1173,0.8878,0.1664,0.5605,-0.6949,0.3142,-0.323,0.1362,0.886,0.1504,0.5605,-0.6949,0.3142,-0.323,0.1175,0.8723,0.1599,0.5124,-0.7433,0.3028,-0.3052,0.1339,0.8698,0.1449,0.5124,-0.7433,0.3028,-0.3052,4
596,0.1602,0.8701,0.0929,-0.1112,-0.0558,-0.7562,0.6424,0.1602,0.8701,0.0929,-0.1112,-0.0558,-0.7562,0.6424,0.1195,0.9343,0.1787,0.1582,-0.233,0.0766,0.9565,0.1094,0.9269,0.2004,0.1582,-0.233,0.0766,0.9565,0.1253,0.9208,0.1828,0.6481,-0.65,0.3291,-0.2216,0.1409,0.9172,0.1664,0.6481,-0.65,0.3291,-0.2216,0.119,0.9025,0.1767,0.6624,-0.6371,0.2946,-0.2618,0.1367,0.9014,0.1584,0.6624,-0.6371,0.2946,-0.2618,0.1176,0.8877,0.1668,0.5583,-0.6985,0.3118,-0.3212,0.1364,0.8859,0.1506,0.5583,-0.6985,0.3118,-0.3212,0.1177,0.8722,0.1601,0.5097,-0.7461,0.3015,-0.3044,0.1341,0.8697,0.1451,0.5097,-0.7461,0.3015,-0.3044,4
610,0.1601,0.8701,0.0929,-0.1127,-0.0571,-0.7529,0.6458,0.1601,0.8701,0.0929,-0.1127,-0.0571,-0.7529,0.6458,0.1187,0.9342,0.1784,0.1579,-0.2329,0.0837,0.9559,0.1086,0.9267,0.2001,0.1579,-0.2329,0.0837,0.9559,0.1249,0.9208,0.1827,0.6518,-0.6464,0.329,-0.2216,0.1405,0.9173,0.1664,0.6518,-0.6464,0.329,-0.2216,0.1188,0.9025,0.1769,0.6664,-0.6341,0.293,-0.2607,0.1364,0.9015,0.1584,0.6664,-0.6341,0.293,-0.2607,0.1175,0.8876,0.167,0.5627,-0.6961,0.3102,-0.3204,0.1362,0.8859,0.1507,0.5627,-0.6961,0.3102,-0.3204,0.1177,0.8721,0.1603,0.5141,-0.7437,0.3005,-0.3038,0.1341,0.8697,0.1452,0.5141,-0.7437,0.3005,-0.3038,4
624,0.16,0.8701,0.093,-0.1129,-0.0576,-0.7503,0.6488,0.16,0.8701,0.093,-0.1129,-0.0576,-0.7503,0.6488,0.1182,0.9341,0.1783,0.1557,-0.2327,0.0871,0.9561,0.108,0.9267,0.2001,0.1557,-0.2327,0.0871,0.9561,0.1245,0.9206,0.183,0.6552,-0.6445,0.3266,-0.2205,0.14,0.9172,0.1665,0.6552,-0.6445,0.3266,-0.2205,0.1185,0.9022,0.177,0.6695,-0.6316,0.2916,-0.2604,0.136,0.9013,0.1585,0.6695,-0.6316,0.2916,-0.2604,0.1173,0.8873,0.1671,0.5659,-0.694,0.3087,-0.3207,0.136,0.8857,0.1508,0.5659,-0.694,0.3087,-0.3207,0.1177,0.8718,0.1604,0.5175,-0.7418,0.2991,-0.3042,0.134,0.8695,0.1452,0.5175,-0.7418,0.2991,-0.3042,4
638,0.16,0.8702,0.0931,-0.1128,-0.0573,-0.7468,0.6529,0.16,0.8702,0.0931,-0.1128,-0.0573,-0.7468,0.6529,0.1174,0.9336,0.1784,0.1557,-0.2325,0.0929,0.9555,0.1073,0.9261,0.2002,0.1557,-0.2325,0.0929,0.9555,0.1241,0.9202,0.1833,0.6588,-0.6417,0.3241,-0.2216,0.1396,0.917,0.1668,0.6588,-0.6417,0.3241,-0.2216,0.1182,0.9017,0.1772,0.6731,-0.6285,0.2891,-0.2615,0.1357,0.901,0.1587,0.6731,-0.6285,0.2891,-0.2615,0.1171,0.8869,0.1673,0.5698,-0.6918,0.3055,-0.3215,0.1358,0.8855,0.1509,0.5698,-0.6918,0.3055,-0.3215,0.1177,0.8713,0.1606,0.5216,-0.7399,0.2959,-0.3049,0.134,0.8692,0.1454,0.5216,-0.7399,0.2959,-0.3049,4
652,0.1599,0.8703,0.0932,-0.1117,-0.0566,-0.7451,0.6551,0.1599,0.8703,0.0932,-0.1117,-0.0566,-0.7451,0.6551,0.1169,0.9332,0.1787,0.1565,-0.2329,0.0953,0.9551,0.1068,0.9256,0.2004,0.1565,-0.2329,0.0953,0.9551,0.1237,0.9198,0.1835,0.6603,-0.6405,0.3222,-0.2233,0.1391,0.9168,0.167,0.6603,-0.6405,0.3222,-0.2233,0.1179,0.9013,0.1775,0.6748,-0.6275,0.2865,-0.2622,0.1353,0.9008,0.1589,0.6748,-0.6275,0.2865,-0.2622,0.1169,0.8865,0.1675,0.5716,-0.691,0.3028,-0.3225,0.1355,0.8853,0.1511,0.5716,-0.691,0.3028,-0.3225,0.1175,0.871,0.1607,0.5232,-0.739,0.2937,-0.3064,0.1339,0.8691,0.1455,0.5232,-0.739,0.2937,-0.3064,4
665,0.1598,0.8704,0.0933,-0.1108,-0.0559,-0.7438,0.6568,0.1598,0.8704,0.0933,-0.1108,-0.0559,-0.7438,0.6568,0.1165,0.9329,0.179,0.1573,-0.2332,0.097,0.9547,0.1065,0.9253,0.2007,0.1573,-0.2332,0.097,0.9547,0.1233,0.9196,0.1839,0.6615,-0.6399,0.3204,-0.2244,0.1388,0.9166,0.1673,0.6615,-0.6399,0.3204,-0.2244,0.1176,0.9011,0.1777,0.6763,-0.6272,0.2837,-0.2622,0.135,0.9006,0.1591,0.6763,-0.6272,0.2837,-0.2622,0.1167,0.8863,0.1678,0.5731,-0.6908,0.3003,-0.3228,0.1353,0.8852,0.1513,0.5731,-0.6908,0.3003,-0.3228,0.1174,0.8708,0.1608,0.5245,-0.7385,0.2916,-0.3073,0.1337,0.8689,0.1456,0.5245,-0.7385,0.2916,-0.3073,4
679,0.1597,0.8705,0.0935,-0.1101,-0.0551,-0.7428,0.6581,0.1597,0.8705,0.0935,-0.1101,-0.0551,-0.7428,0.6581,0.1163,0.9326,0.1792,0.1581,-0.2334,0.0983,0.9544,0.1062,0.9249,0.2009,0.1581,-0.2334,0.0983,0.9544,0.1231,0.9194,0.1842,0.6624,-0.6396,0.3185,-0.2251,0.1385,0.9165,0.1676,0.6624,-0.6396,0.3185,-0.2251,0.1174,0.9009,0.178,0.6776,-0.6275,0.2807,-0.2615,0.1346,0.9005,0.1592,0.6776,-0.6275,0.2807,-0.2615,0.1165,0.8861,0.168,0.5744,-0.6909,0.2977,-0.3227,0.135,0.8851,0.1514,0.5744,-0.6909,0.2977,-0.3227,0.1173,0.8706,0.161,0.5255,-0.7384,0.2896,-0.3079,0.1336,0.8689,0.1457,0.5255,-0.7384,0.2896,-0.3079,4
693,0.1597,0.8705,0.0935,-0.1101,-0.0551,-0.7428,0.6581,0.1597,0.8705,0.0935,-0.1101,-0.0551,-0.7428,0.6581,0.1163,0.9326,0.1792,0.1581,-0.2334,0.0983,0.9544,0.1062,0.9249,0.2009,0.1581,-0.2334,0.0983,0.9544,0.1231,0.9194,0.1842,0.6624,-0.6396,0.3185,-0.2251,0.1386,0.9165,0.1676,0.6624,-0.6396,0.3185,-0.2251,0.1174,0.9009,0.178,0.6776,-0.6275,0.2807,-0.2615,0.1346,0.9005,0.1592,0.6776,-0.6275,0.2807,-0.2615,0.1165,0.8861,0.168,0.5744,-0.6909,0.2977,-0.3227,0.135,0.8851,0.1514,0.5744,-0.6909,0.2977,-0.3227,0.1173,0.8706,0.161,0.5255,-0.7384,0.2896,-0.3079,0.1336,0.8689,0.1457,0.5255,-0.7384,0.2896,-0.3079,4
707,0.1597,0.8704,0.0935,-0.1089,-0.0548,-0.7446,0.6563,0.1597,0.8704,0.0935,-0.1089,-0.0548,-0.7446,0.6563,0.1165,0.9327,0.1792,0.1567,-0.2348,0.0948,0.9546,0.1064,0.9251,0.2009,0.1567,-0.2348,0.0948,0.9546,0.1232,0.9193,0.1841,0.6601,-0.6409,0.3198,-0.2266,0.1387,0.9164,0.1676,0.6601,-0.6409,0.3198,-0.2266,0.1173,0.9008,0.1779,0.6761,-0.6299,0.2797,-0.2606,0.1345,0.9004,0.1591,0.6761,-0.6299,0.2797,-0.2606,0.1164,0.8861,0.1679,0.5724,-0.6924,0.2979,-0.3227,0.1349,0.885,0.1513,0.5724,-0.6924,0.2979,-0.3227,0.1172,0.8706,0.1608,0.5231,-0.7393,0.2908,-0.3085,0.1335,0.8688,0.1456,0.5231,-0.7393,0.2908,-0.3085,4
721,0.1597,0.8704,0.0935,-0.1096,-0.0562,-0.7453,0.6552,0.1597,0.8704,0.0935,-0.1096,-0.0562,-0.7453,0.6552,0.1167,0.9331,0.179,0.1541,-0.2353,0.0935,0.9551,0.1065,0.9257,0.2007,0.1541,-0.2353,0.0935,0.9551,0.1232,0.9197,0.1839,0.6597,-0.6414,0.3208,-0.2248,0.1387,0.9167,0.1674,0.6597,-0.6414,0.3208,-0.2248,0.1173,0.9012,0.1778,0.6759,-0.6307,0.2804,-0.2584,0.1345,0.9007,0.159,0.6759,-0.6307,0.2804,-0.2584,0.1164,0.8864,0.1678,0.5722,-0.6928,0.299,-0.3212,0.1349,0.8853,0.1513,0.5722,-0.6928,0.299,-0.3212,0.1171,0.8709,0.1608,0.5227,-0.7393,0.2928,-0.3074,0.1335,0.869,0.1456,0.5227,-0.7393,0.2928,-0.3074,4
735,0.1597,0.8704,0.0935,-0.11,-0.057,-0.7458,0.6546,0.1597,0.8704,0.0935,-0.11,-0.057,-0.7458,0.6546,0.1168,0.9334,0.1789,0.1525,-0.2356,0.0926,0.9553,0.1065,0.9261,0.2006,0.1525,-0.2356,0.0926,0.9553,0.1232,0.9199,0.1839,0.6597,-0.642,0.3207,-0.2232,0.1387,0.9169,0.1674,0.6597,-0.642,0.3207,-0.2232,0.1173,0.9015,0.1778,0.676,-0.6314,0.2802,-0.2567,0.1344,0.9009,0.1589,0.676,-0.6314,0.2802,-0.2567,0.1163,0.8866,0.1678,0.5722,-0.6932,0.2993,-0.3201,0.1348,0.8854,0.1512,0.5722,-0.6932,0.2993,-0.3201,0.1171,0.8711,0.1607,0.5226,-0.7392,0.294,-0.3067,0.1334,0.8691,0.1455,0.5226,-0.7392,0.294,-0.3067,4
748,0.1598,0.8703,0.0935,-0.1097,-0.0583,-0.7469,0.6533,0.1598,0.8703,0.0935,-0.1097,-0.0583,-0.7469,0.6533,0.1168,0.9336,0.1787,0.1511,-0.2367,0.0913,0.9554,0.1065,0.9263,0.2004,0.1511,-0.2367,0.0913,0.9554,0.1232,0.9201,0.1837,0.6583,-0.6421,0.323,-0.2234,0.1387,0.917,0.1672,0.6583,-0.6421,0.323,-0.2234,0.1172,0.9016,0.1777,0.6752,-0.6321,0.2814,-0.2557,0.1343,0.901,0.1588,0.6752,-0.6321,0.2814,-0.2557,0.1162,0.8868,0.1676,0.5712,-0.6934,0.3011,-0.3197,0.1347,0.8855,0.1511,0.5712,-0.6934,0.3011,-0.3197,0.1169,0.8712,0.1605,0.5214,-0.7389,0.2966,-0.3068,0.1333,0.8692,0.1454,0.5214,-0.7389,0.2966,-0.3068,4
762,0.1599,0.8702,0.0937,-0.1087,-0.058,-0.7472,0.6531,0.1599,0.8702,0.0937,-0.1087,-0.058,-0.7472,0.6531,0.1169,0.9334,0.1789,0.1502,-0.2376,0.0905,0.9554,0.1065,0.9261,0.2006,0.1502,-0.2376,0.0905,0.9554,0.1233,0.9199,0.184,0.6577,-0.6426,0.3228,-0.2241,0.1388,0.9168,0.1675,0.6577,-0.6426,0.3228,-0.2241,0.1172,0.9014,0.1779,0.6746,-0.6325,0.2812,-0.2563,0.1343,0.9008,0.159,0.6746,-0.6325,0.2812,-0.2563,0.1163,0.8866,0.1678,0.5705,-0.6938,0.3008,-0.3204,0.1348,0.8853,0.1512,0.5705,-0.6938,0.3008,-0.3204,0.117,0.871,0.1606,0.5207,-0.739,0.2968,-0.3077,0.1334,0.869,0.1455,0.5207,-0.739,0.2968,-0.3077,4
776,0.1602,0.87,0.094,-0.1082,-0.0589,-0.7494,0.6506,0.1602,0.87,0.094,-0.1082,-0.0589,-0.7494,0.6506,0.1174,0.9336,0.1791,0.1457,-0.2396,0.0871,0.9559,0.1069,0.9266,0.2008,0.1457,-0.2396,0.0871,0.9559,0.1236,0.92,0.1842,0.6554,-0.6442,0.3249,-0.2236,0.1391,0.9168,0.1678,0.6554,-0.6442,0.3249,-0.2236,0.1175,0.9016,0.1781,0.6727,-0.6346,0.2823,-0.255,0.1346,0.9008,0.1592,0.6727,-0.6346,0.2823,-0.255,0.1164,0.8867,0.168,0.5683,-0.6952,0.3025,-0.3197,0.135,0.8853,0.1515,0.5683,-0.6952,0.3025,-0.3197,0.1171,0.8711,0.1608,0.5182,-0.7398,0.2994,-0.3074,0.1336,0.869,0.1458,0.5182,-0.7398,0.2994,-0.3074,4
790,0.1605,0.8698,0.0945,-0.1076,-0.0597,-0.7515,0.6481,0.1605,0.8698,0.0945,-0.1076,-0.0597,-0.7515,0.6481,0.1179,0.9338,0.1793,0.1406,-0.2416,0.0837,0.9565,0.1072,0.9271,0.2011,0.1406,-0.2416,0.0837,0.9565,0.124,0.9201,0.1845,0.6531,-0.6457,0.3268,-0.2231,0.1396,0.9167,0.1681,0.6531,-0.6457,0.3268,-0.2231,0.1177,0.9017,0.1784,0.6708,-0.6368,0.2831,-0.2536,0.1348,0.9008,0.1595,0.6708,-0.6368,0.2831,-0.2536,0.1167,0.8868,0.1683,0.5662,-0.6967,0.304,-0.3189,0.1352,0.8853,0.1519,0.5662,-0.6967,0.304,-0.3189,0.1173,0.8712,0.1611,0.5158,-0.7406,0.3018,-0.3072,0.1338,0.8689,0.1461,0.5158,-0.7406,0.3018,-0.3072,4
804,0.1605,0.8698,0.0948,-0.1085,-0.0594,-0.7514,0.6481,0.1605,0.8698,0.0948,-0.1085,-0.0594,-0.7514,0.6481,0.118,0.9337,0.1797,0.141,-0.2409,0.0839,0.9566,0.1074,0.927,0.2015,0.141,-0.2409,0.0839,0.9566,0.1242,0.9201,0.1849,0.6533,-0.6454,0.3273,-0.2226,0.1398,0.9167,0.1685,0.6533,-0.6454,0.3273,-0.2226,0.1179,0.9017,0.1789,0.6715,-0.6375,0.2817,-0.2516,0.1348,0.9008,0.1599,0.6715,-0.6375,0.2817,-0.2516,0.1168,0.8869,0.1688,0.5668,-0.6971,0.3034,-0.3174,0.1353,0.8853,0.1522,0.5668,-0.6971,0.3034,-0.3174,0.1174,0.8712,0.1614,0.5162,-0.7406,0.3019,-0.3064,0.1339,0.8689,0.1464,0.5162,-0.7406,0.3019,-0.3064,4
818,0.1605,0.8698,0.0951,-0.1091,-0.0591,-0.7514,0.648,0.1605,0.8698,0.0951,-0.1091,-0.0591,-0.7514,0.648,0.1181,0.9337,0.18,0.1419,-0.2404,0.0843,0.9566,0.1075,0.9269,0.2018,0.1419,-0.2404,0.0843,0.9566,0.1244,0.9201,0.1852,0.6533,-0.645,0.3283,-0.2224,0.1399,0.9168,0.1688,0.6533,-0.645,0.3283,-0.2224,0.1179,0.9018,0.1793,0.6721,-0.6383,0.2803,-0.2496,0.1348,0.9008,0.1602,0.6721,-0.6383,0.2803,-0.2496,0.1169,0.8869,0.1691,0.5673,-0.6976,0.3028,-0.3161,0.1353,0.8853,0.1525,0.5673,-0.6976,0.3028,-0.3161,0.1175,0.8712,0.1618,0.5163,-0.7407,0.3021,-0.3058,0.134,0.8689,0.1468,0.5163,-0.7407,0.3021,-0.3058,4
831,0.1604,0.8699,0.095,-0.1106,-0.0577,-0.7513,0.6481,0.1604,0.8699,0.095,-0.1106,-0.0577,-0.7513,0.6481,0.1184,0.9338,0.1801,0.1435,-0.238,0.0836,0.957,0.108,0.9269,0.2019,0.1435,-0.238,0.0836,0.957,0.1247,0.9203,0.1852,0.6539,-0.6456,0.3269,-0.2211,0.1402,0.9169,0.1688,0.6539,-0.6456,0.3269,-0.2211,0.1182,0.9019,0.1793,0.6727,-0.6389,0.2788,-0.2479,0.135,0.9009,0.1602,0.6727,-0.6389,0.2788,-0.2479,0.1171,0.887,0.1692,0.568,-0.6985,0.3012,-0.3141,0.1354,0.8854,0.1525,0.568,-0.6985,0.3012,-0.3141,0.1177,0.8714,0.1618,0.517,-0.7416,0.3008,-0.3037,0.1341,0.869,0.1467,0.517,-0.7416,0.3008,-0.3037,4
845,0.1603,0.87,0.0949,-0.1116,-0.0563,-0.7499,0.6496,0.1603,0.87,0.0949,-0.1116,-0.0563,-0.7499,0.6496,0.1184,0.9336,0.1803,0.1454,-0.2355,0.0847,0.9572,0.1081,0.9267,0.2021,0.1454,-0.2355,0.0847,0.9572,0.1247,0.9202,0.1854,0.6554,-0.6447,0.3255,-0.2212,0.1402,0.9168,0.1689,0.6554,-0.6447,0.3255,-0.2212,0.1183,0.9017,0.1795,0.6745,-0.6383,0.2768,-0.2472,0.135,0.9008,0.1603,0.6745,-0.6383,0.2768,-0.2472,0.1171,0.8869,0.1694,0.57,-0.6983,0.299,-0.3132,0.1354,0.8854,0.1525,0.57,-0.6983,0.299,-0.3132,0.1178,0.8712,0.1619,0.519,-0.7414,0.2989,-0.3026,0.1341,0.8689,0.1468,0.519,-0.7414,0.2989,-0.3026,4
859,0.1601,0.87,0.0948,-0.1118,-0.0556,-0.7485,0.6512,0.1601,0.87,0.0948,-0.1118,-0.0556,-0.7485,0.6512,0.1183,0.9334,0.1804,0.1468,-0.2338,0.0854,0.9573,0.1081,0.9264,0.2022,0.1468,-0.2338,0.0854,0.9573,0.1246,0.9199,0.1854,0.6566,-0.6434,0.3248,-0.2224,0.1401,0.9167,0.169,0.6566,-0.6434,0.3248,-0.2224,0.1182,0.9015,0.1795,0.6758,-0.637,0.2759,-0.2478,0.1349,0.9007,0.1603,0.6758,-0.637,0.2759,-0.2478,0.1171,0.8866,0.1694,0.5715,-0.6975,0.2977,-0.3134,0.1353,0.8852,0.1525,0.5715,-0.6975,0.2977,-0.3134,0.1177,0.871,0.162,0.5206,-0.7407,0.2978,-0.3028,0.134,0.8688,0.1468,0.5206,-0.7407,0.2978,-0.3028,4
873,0.1601,0.87,0.0947,-0.1127,-0.0557,-0.7465,0.6534,0.1601,0.87,0.0947,-0.1127,-0.0557,-0.7465,0.6534,0.1181,0.9332,0.1803,0.1486,-0.2323,0.0885,0.9572,0.1079,0.9261,0.2022,0.1486,-0.2323,0.0885,0.9572,0.1244,0.9198,0.1853,0.6585,-0.6412,0.3247,-0.2232,0.14,0.9167,0.1689,0.6585,-0.6412,0.3247,-0.2232,0.1181,0.9013,0.1794,0.6779,-0.6349,0.2753,-0.248,0.1348,0.9006,0.1602,0.6779,-0.6349,0.2753,-0.248,0.1171,0.8865,0.1693,0.5738,-0.696,0.2968,-0.3135,0.1353,0.8852,0.1525,0.5738,-0.696,0.2968,-0.3135,0.1178,0.8709,0.162,0.5231,-0.7396,0.2964,-0.3025,0.134,0.8687,0.1468,0.5231,-0.7396,0.2964,-0.3025,4
887,0.1601,0.8699,0.0946,-0.1135,-0.0561,-0.7458,0.654,0.1601,0.8699,0.0946,-0.1135,-0.0561,-0.7458,0.654,0.118,0.933,0.1802,0.1506,-0.2316,0.0905,0.9568,0.1079,0.9258,0.202,0.1506,-0.2316,0.0905,0.9568,0.1245,0.9198,0.1852,0.6592,-0.6402,0.3253,-0.2234,0.1401,0.9167,0.1688,0.6592,-0.6402,0.3253,-0.2234,0.1182,0.9013,0.1793,0.6787,-0.6338,0.2761,-0.2479,0.1349,0.9005,0.1601,0.6787,-0.6338,0.2761,-0.2479,0.1172,0.8864,0.1692,0.5748,-0.6952,0.2971,-0.3132,0.1354,0.8851,0.1524,0.5748,-0.6952,0.2971,-0.3132,0.1179,0.8708,0.162,0.5241,-0.7392,0.2963,-0.3019,0.1341,0.8687,0.1467,0.5241,-0.7392,0.2963,-0.3019,4
901,0.1602,0.8698,0.0944,-0.1144,-0.0564,-0.745,0.6547,0.1602,0.8698,0.0944,-0.1144,-0.0564,-0.745,0.6547,0.1179,0.9328,0.1799,0.1535,-0.2308,0.0929,0.9563,0.1079,0.9254,0.2018,0.1535,-0.2308,0.0929,0.9563,0.1246,0.9197,0.185,0.6599,-0.6392,0.3256,-0.2236,0.1402,0.9166,0.1686,0.6599,-0.6392,0.3256,-0.2236,0.1184,0.9012,0.1791,0.6794,-0.6326,0.2771,-0.2481,0.1351,0.9004,0.1599,0.6794,-0.6326,0.2771,-0.2481,0.1173,0.8863,0.1691,0.5756,-0.6943,0.2975,-0.3131,0.1356,0.885,0.1522,0.5756,-0.6943,0.2975,-0.3131,0.118,0.8707,0.1619,0.5252,-0.7387,0.2962,-0.3012,0.1342,0.8686,0.1467,0.5252,-0.7387,0.2962,-0.3012,4
915,0.1603,0.8696,0.0942,-0.1152,-0.0566,-0.7444,0.6553,0.1603,0.8696,0.0942,-0.1152,-0.0566,-0.7444,0.6553,0.1178,0.9324,0.1797,0.1571,-0.2302,0.0956,0.9556,0.1079,0.9248,0.2015,0.1571,-0.2302,0.0956,0.9556,0.1247,0.9196,0.1848,0.6604,-0.6384,0.3259,-0.2238,0.1403,0.9165,0.1684,0.6604,-0.6384,0.3259,-0.2238,0.1186,0.901,0.1788,0.6799,-0.6313,0.2782,-0.2485,0.1354,0.9003,0.1597,0.6799,-0.6313,0.2782,-0.2485,0.1175,0.8861,0.1689,0.5763,-0.6935,0.298,-0.3131,0.1358,0.8848,0.1521,0.5763,-0.6935,0.298,-0.3131,0.1182,0.8705,0.1618,0.526,-0.7383,0.2963,-0.3007,0.1344,0.8684,0.1466,0.526,-0.7383,0.2963,-0.3007,4
929,0.1604,0.8693,0.0942,-0.1153,-0.0582,-0.7446,0.6549,0.1604,0.8693,0.0942,-0.1153,-0.0582,-0.7446,0.6549,0.1177,0.9325,0.1794,0.1536,-0.2318,0.0958,0.9558,0.1077,0.9251,0.2012,0.1536,-0.2318,0.0958,0.9558,0.1247,0.9196,0.1846,0.6604,-0.6382,0.3269,-0.2231,0.1403,0.9164,0.1683,0.6604,-0.6382,0.3269,-0.2231,0.1185,0.9009,0.1787,0.6796,-0.6304,0.2807,-0.2488,0.1354,0.9001,0.1596,0.6796,-0.6304,0.2807,-0.2488,0.1174,0.886,0.1688,0.5763,-0.6927,0.3,-0.3129,0.1357,0.8846,0.152,0.5763,-0.6927,0.3,-0.3129,0.1181,0.8704,0.1618,0.5261,-0.7377,0.298,-0.3003,0.1344,0.8682,0.1466,0.5261,-0.7377,0.298,-0.3003,4
943,0.1605,0.8688,0.0944,-0.1151,-0.0602,-0.746,0.6531,0.1605,0.8688,0.0944,-0.1151,-0.0602,-0.746,0.6531,0.1178,0.9326,0.1792,0.149,-0.2342,0.0939,0.9561,0.1076,0.9254,0.201,0.149,-0.2342,0.0939,0.9561,0.1247,0.9195,0.1847,0.6593,-0.6391,0.3286,-0.221,0.1403,0.9162,0.1683,0.6593,-0.6391,0.3286,-0.221,0.1185,0.9009,0.1787,0.6784,-0.631,0.2832,-0.2478,0.1354,0.8999,0.1597,0.6784,-0.631,0.2832,-0.2478,0.1174,0.8859,0.1688,0.5751,-0.6929,0.3028,-0.3122,0.1357,0.8844,0.1521,0.5751,-0.6929,0.3028,-0.3122,0.118,0.8703,0.1618,0.5248,-0.7378,0.3007,-0.2998,0.1343,0.868,0.1466,0.5248,-0.7378,0.3007,-0.2998,4
957,0.1606,0.8687,0.0946,-0.1144,-0.0602,-0.7457,0.6536,0.1606,0.8687,0.0946,-0.1144,-0.0602,-0.7457,0.6536,0.1179,0.9325,0.1794,0.1467,-0.2348,0.0934,0.9563,0.1076,0.9255,0.2012,0.1467,-0.2348,0.0934,0.9563,0.1246,0.9193,0.185,0.6599,-0.639,0.328,-0.2206,0.1402,0.916,0.1686,0.6599,-0.639,0.328,-0.2206,0.1184,0.9007,0.179,0.6787,-0.6307,0.2829,-0.2481,0.1354,0.8997,0.16,0.6787,-0.6307,0.2829,-0.2481,0.1173,0.8857,0.1691,0.5756,-0.6928,0.3023,-0.3121,0.1357,0.8842,0.1523,0.5756,-0.6928,0.3023,-0.3121,0.118,0.8701,0.1621,0.5252,-0.7378,0.2999,-0.2999,0.1343,0.8678,0.1468,0.5252,-0.7378,0.2999,-0.2999,4
971,0.1605,0.8687,0.0949,-0.1132,-0.0593,-0.7452,0.6544,0.1605,0.8687,0.0949,-0.1132,-0.0593,-0.7452,0.6544,0.1178,0.9323,0.1799,0.1444,-0.235,0.0923,0.9568,0.1075,0.9254,0.2017,0.1444,-0.235,0.0923,0.9568,0.1244,0.919,0.1855,0.6605,-0.639,0.3266,-0.2208,0.14,0.9157,0.1691,0.6605,-0.639,0.3266,-0.2208,0.1182,0.9003,0.1794,0.6791,-0.6307,0.2813,-0.2487,0.1351,0.8995,0.1604,0.6791,-0.6307,0.2813,-0.2487,0.1172,0.8854,0.1695,0.576,-0.6928,0.3007,-0.3127,0.1355,0.884,0.1527,0.576,-0.6928,0.3007,-0.3127,0.1179,0.8698,0.1624,0.5254,-0.7379,0.2983,-0.3009,0.1342,0.8676,0.1471,0.5254,-0.7379,0.2983,-0.3009,4
985,0.1605,0.8687,0.0953,-0.1117,-0.0583,-0.7446,0.6555,0.1605,0.8687,0.0953,-0.1117,-0.0583,-0.7446,0.6555,0.1177,0.932,0.1804,0.1417,-0.2349,0.0908,0.9573,0.1074,0.9252,0.2023,0.1417,-0.2349,0.0908,0.9573,0.1242,0.9186,0.1861,0.6611,-0.639,0.325,-0.2213,0.1397,0.9154,0.1696,0.6611,-0.639,0.325,-0.2213,0.118,0.8999,0.1799,0.6797,-0.6307,0.2794,-0.2495,0.1349,0.8992,0.1608,0.6797,-0.6307,0.2794,-0.2495,0.117,0.885,0.1698,0.5765,-0.6929,0.2988,-0.3135,0.1353,0.8837,0.153,0.5765,-0.6929,0.2988,-0.3135,0.1178,0.8694,0.1627,0.5258,-0.7379,0.2962,-0.3021,0.134,0.8673,0.1474,0.5258,-0.7379,0.2962,-0.3021,4
999,0.1604,0.8687,0.0956,-0.1102,-0.0572,-0.7439,0.6567,0.1604,0.8687,0.0956,-0.1102,-0.0572,-0.7439,0.6567,0.1177,0.9317,0.181,0.139,-0.2345,0.0889,0.958,0.1074,0.925,0.2029,0.139,-0.2345,0.0889,0.958,0.1239,0.9181,0.1866,0.6619,-0.6389,0.3233,-0.2218,0.1394,0.915,0.1701,0.6619,-0.6389,0.3233,-0.2218,0.1178,0.8995,0.1804,0.6803,-0.6306,0.2773,-0.2503,0.1346,0.8988,0.1613,0.6803,-0.6306,0.2773,-0.2503,0.1168,0.8846,0.1702,0.5771,-0.693,0.2966,-0.3143,0.135,0.8834,0.1534,0.5771,-0.693,0.2966,-0.3143,0.1176,0.8691,0.163,0.5262,-0.738,0.2941,-0.3034,0.1339,0.8671,0.1477,0.5262,-0.738,0.2941,-0.3034,4
1012,0.1603,0.8687,0.0956,-0.1106,-0.0574,-0.7433,0.6572,0.1603,0.8687,0.0956,-0.1106,-0.0574,-0.7433,0.6572,0.1175,0.9317,0.181,0.1378,-0.2341,0.0897,0.9582,0.1072,0.9251,0.203,0.1378,-0.2341,0.0897,0.9582,0.1238,0.9182,0.1867,0.6626,-0.6382,0.3234,-0.2214,0.1393,0.9151,0.1702,0.6626,-0.6382,0.3234,-0.2214,0.1177,0.8995,0.1805,0.681,-0.6298,0.2776,-0.2501,0.1345,0.8988,0.1614,0.681,-0.6298,0.2776,-0.2501,0.1167,0.8846,0.1703,0.5779,-0.6925,0.2965,-0.314,0.1349,0.8834,0.1535,0.5779,-0.6925,0.2965,-0.314,0.1175,0.8691,0.1631,0.5271,-0.7378,0.2934,-0.3027,0.1338,0.8671,0.1477,0.5271,-0.7378,0.2934,-0.3027,4
1027,0.1603,0.8688,0.0956,-0.1108,-0.0583,-0.7429,0.6576,0.1603,0.8688,0.0956,-0.1108,-0.0583,-0.7429,0.6576,0.1174,0.9317,0.181,0.1408,-0.2336,0.0911,0.9577,0.1071,0.925,0.2029,0.1408,-0.2336,0.0911,0.9577,0.1237,0.9184,0.1865,0.6627,-0.637,0.3249,-0.2226,0.1392,0.9153,0.1701,0.6627,-0.637,0.3249,-0.2226,0.1176,0.8997,0.1803,0.6811,-0.6284,0.2796,-0.2511,0.1345,0.899,0.1613,0.6811,-0.6284,0.2796,-0.2511,0.1166,0.8848,0.1702,0.5783,-0.6914,0.2977,-0.3144,0.1349,0.8836,0.1534,0.5783,-0.6914,0.2977,-0.3144,0.1175,0.8693,0.163,0.5278,-0.7372,0.2939,-0.3026,0.1337,0.8673,0.1477,0.5278,-0.7372,0.2939,-0.3026,4
1040,0.1603,0.8689,0.0955,-0.1104,-0.0562,-0.7422,0.6586,0.1603,0.8689,0.0955,-0.1104,-0.0562,-0.7422,0.6586,0.1177,0.9313,0.1814,0.1448,-0.231,0.0902,0.9579,0.1076,0.9244,0.2033,0.1448,-0.231,0.0902,0.9579,0.1238,0.918,0.1868,0.6629,-0.6374,0.3225,-0.2241,0.1394,0.915,0.1703,0.6629,-0.6374,0.3225,-0.2241,0.1178,0.8993,0.1805,0.6813,-0.6283,0.2778,-0.2528,0.1347,0.8988,0.1614,0.6813,-0.6283,0.2778,-0.2528,0.1168,0.8844,0.1704,0.5786,-0.6919,0.2953,-0.3152,0.135,0.8833,0.1535,0.5786,-0.6919,0.2953,-0.3152,0.1176,0.8689,0.1631,0.5283,-0.7377,0.2917,-0.3027,0.1338,0.867,0.1478,0.5283,-0.7377,0.2917,-0.3027,4
1054,0.1603,0.8689,0.0955,-0.1117,-0.0537,-0.7406,0.6605,0.1603,0.8689,0.0955,-0.1117,-0.0537,-0.7406,0.6605,0.118,0.931,0.1818,0.1472,-0.2278,0.0913,0.9582,0.108,0.9239,0.2038,0.1472,-0.2278,0.0913,0.9582,0.1242,0.9176,0.1871,0.6648,-0.6371,0.3191,-0.2241,0.1396,0.9148,0.1705,0.6648,-0.6371,0.3191,-0.2241,0.1182,0.8989,0.1808,0.6831,-0.6279,0.2746,-0.2525,0.135,0.8985,0.1616,0.6831,-0.6279,0.2746,-0.2525,0.1171,0.8841,0.1707,0.5805,-0.6919,0.2921,-0.3145,0.1353,0.8831,0.1537,0.5805,-0.6919,0.2921,-0.3145,0.118,0.8686,0.1634,0.5305,-0.7381,0.2881,-0.3014,0.1341,0.8668,0.1479,0.5305,-0.7381,0.2881,-0.3014,4
1068,0.1603,0.8689,0.0955,-0.1128,-0.0514,-0.739,0.6622,0.1603,0.8689,0.0955,-0.1128,-0.0514,-0.739,0.6622,0.1182,0.9306,0.1822,0.1497,-0.2248,0.0924,0.9584,0.1084,0.9235,0.2041,0.1497,-0.2248,0.0924,0.9584,0.1244,0.9173,0.1874,0.6665,-0.6369,0.3159,-0.2243,0.1398,0.9146,0.1707,0.6665,-0.6369,0.3159,-0.2243,0.1185,0.8986,0.1811,0.6847,-0.6275,0.2717,-0.2521,0.1352,0.8983,0.1618,0.6847,-0.6275,0.2717,-0.2521,0.1175,0.8838,0.1709,0.5823,-0.692,0.2891,-0.3139,0.1355,0.8829,0.1539,0.5823,-0.692,0.2891,-0.3139,0.1183,0.8683,0.1637,0.5325,-0.7385,0.2847,-0.3002,0.1343,0.8667,0.1481,0.5325,-0.7385,0.2847,-0.3002,4
1082,0.1602,0.8689,0.0954,-0.1135,-0.0505,-0.7376,0.6637,0.1602,0.8689,0.0954,-0.1135,-0.0505,-0.7376,0.6637,0.1182,0.9306,0.1822,0.1494,-0.2233,0.0937,0.9587,0.1085,0.9234,0.2042,0.1494,-0.2233,0.0937,0.9587,0.1244,0.9172,0.1874,0.6679,-0.6363,0.3139,-0.2249,0.1398,0.9145,0.1707,0.6679,-0.6363,0.3139,-0.2249,0.1185,0.8985,0.1811,0.6863,-0.6266,0.2699,-0.252,0.1352,0.8982,0.1618,0.6863,-0.6266,0.2699,-0.252,0.1175,0.8836,0.171,0.5841,-0.6916,0.287,-0.3134,0.1355,0.8829,0.1539,0.5841,-0.6916,0.287,-0.3134,0.1184,0.8682,0.1637,0.5343,-0.7382,0.2828,-0.2995,0.1344,0.8666,0.1481,0.5343,-0.7382,0.2828,-0.2995,4
1096,0.1602,0.8689,0.0954,-0.1138,-0.051,-0.7379,0.6633,0.1602,0.8689,0.0954,-0.1138,-0.051,-0.7379,0.6633,0.1182,0.9308,0.182,0.1478,-0.2239,0.0934,0.9588,0.1084,0.9237,0.204,0.1478,-0.2239,0.0934,0.9588,0.1245,0.9173,0.1872,0.6675,-0.6364,0.3144,-0.2248,0.1398,0.9147,0.1706,0.6675,-0.6364,0.3144,-0.2248,0.1185,0.8986,0.181,0.686,-0.6268,0.2706,-0.2517,0.1352,0.8983,0.1617,0.686,-0.6268,0.2706,-0.2517,0.1175,0.8838,0.1709,0.5839,-0.6918,0.2874,-0.3129,0.1355,0.883,0.1538,0.5839,-0.6918,0.2874,-0.3129,0.1184,0.8684,0.1637,0.534,-0.7384,0.2832,-0.2991,0.1343,0.8667,0.1481,0.534,-0.7384,0.2832,-0.2991,4
1110,0.1602,0.8689,0.0953,-0.114,-0.0512,-0.7381,0.663,0.1602,0.8689,0.0953,-0.114,-0.0512,-0.7381,0.663,0.1182,0.9309,0.1819,0.1463,-0.2243,0.0932,0.959,0.1084,0.9239,0.2039,0.1463,-0.2243,0.0932,0.959,0.1245,0.9174,0.1871,0.6673,-0.6364,0.3148,-0.2248,0.1398,0.9147,0.1704,0.6673,-0.6364,0.3148,-0.2248,0.1185,0.8987,0.1809,0.6859,-0.6268,0.271,-0.2515,0.1352,0.8984,0.1617,0.6859,-0.6268,0.271,-0.2515,0.1175,0.8838,0.1709,0.5839,-0.692,0.2875,-0.3125,0.1355,0.883,0.1538,0.5839,-0.692,0.2875,-0.3125,0.1184,0.8684,0.1637,0.5338,-0.7386,0.2834,-0.2988,0.1343,0.8668,0.1481,0.5338,-0.7386,0.2834,-0.2988,4
1124,0.1602,0.8689,0.0953,-0.1139,-0.0515,-0.7386,0.6625,0.1602,0.8689,0.0953,-0.1139,-0.0515,-0.7386,0.6625,0.1182,0.9311,0.1818,0.1445,-0.225,0.0923,0.9592,0.1084,0.9242,0.2038,0.1445,-0.225,0.0923,0.9592,0.1244,0.9175,0.1871,0.6669,-0.6369,0.3151,-0.2244,0.1398,0.9148,0.1704,0.6669,-0.6369,0.3151,-0.2244,0.1185,0.8988,0.1809,0.6856,-0.6273,0.271,-0.2509,0.1352,0.8984,0.1616,0.6856,-0.6273,0.271,-0.2509,0.1174,0.8839,0.1709,0.5835,-0.6924,0.2876,-0.312,0.1354,0.8831,0.1538,0.5835,-0.6924,0.2876,-0.312,0.1183,0.8685,0.1637,0.5332,-0.7388,0.2839,-0.2988,0.1342,0.8668,0.1481,0.5332,-0.7388,0.2839,-0.2988,4
1138,0.1602,0.8689,0.0954,-0.1149,-0.0526,-0.7394,0.6613,0.1602,0.8689,0.0954,-0.1149,-0.0526,-0.7394,0.6613,0.1183,0.9315,0.1816,0.1419,-0.2253,0.0912,0.9596,0.1085,0.9247,0.2037,0.1419,-0.2253,0.0912,0.9596,0.1245,0.9178,0.187,0.6665,-0.6373,0.3163,-0.2228,0.1399,0.915,0.1703,0.6665,-0.6373,0.3163,-0.2228,0.1185,0.8991,0.1809,0.6853,-0.6281,0.2716,-0.249,0.1351,0.8987,0.1616,0.6853,-0.6281,0.2716,-0.249,0.1174,0.8843,0.1709,0.5832,-0.693,0.2886,-0.3103,0.1354,0.8833,0.1538,0.5832,-0.693,0.2886,-0.3103,0.1183,0.8688,0.1637,0.5327,-0.7391,0.2853,-0.2977,0.1342,0.867,0.1481,0.5327,-0.7391,0.2853,-0.2977,4
1152,0.1602,0.8689,0.0955,-0.1163,-0.054,-0.7405,0.6598,0.1602,0.8689,0.0955,-0.1163,-0.054,-0.7405,0.6598,0.1185,0.932,0.1814,0.1385,-0.2255,0.0897,0.9602,0.1086,0.9254,0.2035,0.1385,-0.2255,0.0897,0.9602,0.1247,0.9183,0.1869,0.6659,-0.6378,0.3181,-0.2205,0.14,0.9154,0.1702,0.6659,-0.6378,0.3181,-0.2205,0.1185,0.8996,0.1809,0.6849,-0.6292,0.2725,-0.2463,0.1351,0.8991,0.1616,0.6849,-0.6292,0.2725,-0.2463,0.1174,0.8847,0.171,0.5828,-0.6937,0.2902,-0.3082,0.1353,0.8836,0.1538,0.5828,-0.6937,0.2902,-0.3082,0.1182,0.8692,0.1638,0.532,-0.7394,0.2873,-0.2961,0.1341,0.8673,0.1481,0.532,-0.7394,0.2873,-0.2961,4
1166,0.1601,0.8688,0.0956,-0.1158,-0.055,-0.7422,0.6578,0.1601,0.8688,0.0956,-0.1158,-0.055,-0.7422,0.6578,0.1186,0.9324,0.1813,0.1346,-0.2269,0.0865,0.9607,0.1086,0.926,0.2034,0.1346,-0.2269,0.0865,0.9607,0.1246,0.9185,0.1869,0.6642,-0.6393,0.3192,-0.2195,0.1399,0.9155,0.1702,0.6642,-0.6393,0.3192,-0.2195,0.1184,0.8998,0.1809,0.6833,-0.6308,0.2737,-0.2455,0.1349,0.8992,0.1616,0.6833,-0.6308,0.2737,-0.2455,0.1172,0.8849,0.171,0.5811,-0.6947,0.2917,-0.3076,0.1351,0.8837,0.1538,0.5811,-0.6947,0.2917,-0.3076,0.118,0.8694,0.1637,0.5301,-0.7401,0.2895,-0.2958,0.1339,0.8674,0.1482,0.5301,-0.7401,0.2895,-0.2958,4
1180,0.1602,0.8685,0.0957,-0.1155,-0.057,-0.7441,0.6556,0.1602,0.8685,0.0957,-0.1155,-0.057,-0.7441,0.6556,0.1186,0.9325,0.1811,0.1319,-0.2291,0.0851,0.9607,0.1085,0.9262,0.2032,0.1319,-0.2291,0.0851,0.9607,0.1246,0.9187,0.1868,0.6623,-0.6401,0.3221,-0.2189,0.1399,0.9155,0.1702,0.6623,-0.6401,0.3221,-0.2189,0.1183,0.9,0.1809,0.6816,-0.6316,0.2766,-0.2449,0.1349,0.8992,0.1616,0.6816,-0.6316,0.2766,-0.2449,0.117,0.885,0.1709,0.5792,-0.6953,0.2945,-0.3072,0.135,0.8837,0.1538,0.5792,-0.6953,0.2945,-0.3072,0.1178,0.8695,0.1637,0.5281,-0.7405,0.2923,-0.2956,0.1338,0.8674,0.1482,0.5281,-0.7405,0.2923,-0.2956,4
1194,0.1602,0.8681,0.0959,-0.1154,-0.0587,-0.7456,0.6537,0.1602,0.8681,0.0959,-0.1154,-0.0587,-0.7456,0.6537,0.1186,0.9325,0.181,0.1297,-0.2311,0.0841,0.9606,0.1084,0.9263,0.2031,0.1297,-0.2311,0.0841,0.9606,0.1246,0.9187,0.1867,0.6606,-0.6406,0.3248,-0.2183,0.14,0.9154,0.1702,0.6606,-0.6406,0.3248,-0.2183,0.1182,0.9,0.1808,0.68,-0.6323,0.2793,-0.2444,0.1349,0.8991,0.1616,0.68,-0.6323,0.2793,-0.2444,0.1169,0.8851,0.1709,0.5776,-0.6958,0.297,-0.3067,0.135,0.8836,0.1539,0.5776,-0.6958,0.297,-0.3067,0.1176,0.8695,0.1638,0.5264,-0.7408,0.2948,-0.2953,0.1337,0.8673,0.1483,0.5264,-0.7408,0.2948,-0.2953,4
1208,0.1602,0.8679,0.0961,-0.1151,-0.0579,-0.748,0.651,0.1602,0.8679,0.0961,-0.1151,-0.0579,-0.748,0.651,0.1189,0.9324,0.1812,0.1312,-0.2319,0.0816,0.9604,0.1087,0.9262,0.2033,0.1312,-0.2319,0.0816,0.9604,0.125,0.9187,0.1869,0.658,-0.643,0.3256,-0.2179,0.1404,0.9153,0.1704,0.658,-0.643,0.3256,-0.2179,0.1185,0.9,0.1811,0.6774,-0.6347,0.2803,-0.2443,0.1352,0.899,0.1619,0.6774,-0.6347,0.2803,-0.2443,0.1171,0.8851,0.1712,0.5749,-0.698,0.2976,-0.3061,0.1351,0.8835,0.1541,0.5749,-0.698,0.2976,-0.3061,0.1176,0.8696,0.164,0.5234,-0.7429,0.2954,-0.2948,0.1337,0.8672,0.1485,0.5234,-0.7429,0.2954,-0.2948,4
1222,0.1603,0.8678,0.096,-0.1124,-0.0563,-0.7509,0.6483,0.1603,0.8678,0.096,-0.1124,-0.0563,-0.7509,0.6483,0.1193,0.9319,0.1814,0.1346,-0.2339,0.078,0.9597,0.1089,0.9256,0.2034,0.1346,-0.2339,0.078,0.9597,0.1253,0.9182,0.187,0.6543,-0.6458,0.3265,-0.2195,0.1407,0.9148,0.1706,0.6543,-0.6458,0.3265,-0.2195,0.1186,0.8997,0.1811,0.6739,-0.638,0.2801,-0.2456,0.1354,0.8987,0.162,0.6739,-0.638,0.2801,-0.2456,0.1171,0.8848,0.1711,0.5706,-0.7005,0.2982,-0.3079,0.1352,0.8832,0.1541,0.5706,-0.7005,0.2982,-0.3079,0.1176,0.8693,0.1638,0.519,-0.745,0.2958,-0.2968,0.1337,0.867,0.1484,0.519,-0.745,0.2958,-0.2968,4
1236,0.1604,0.8676,0.0959,-0.1105,-0.0552,-0.7532,0.6461,0.1604,0.8676,0.0959,-0.1105,-0.0552,-0.7532,0.6461,0.1195,0.9315,0.1816,0.1382,-0.2355,0.0755,0.959,0.1091,0.925,0.2035,0.1382,-0.2355,0.0755,0.959,0.1255,0.9179,0.1871,0.6514,-0.6477,0.3278,-0.2208,0.141,0.9144,0.1707,0.6514,-0.6477,0.3278,-0.2208,0.1187,0.8995,0.1812,0.6713,-0.6406,0.2799,-0.2463,0.1355,0.8984,0.162,0.6713,-0.6406,0.2799,-0.2463,0.1172,0.8846,0.171,0.5672,-0.7022,0.2991,-0.3094,0.1354,0.883,0.1541,0.5672,-0.7022,0.2991,-0.3094,0.1176,0.8691,0.1636,0.5155,-0.7465,0.2965,-0.2985,0.1338,0.8667,0.1483,0.5155,-0.7465,0.2965,-0.2985,4
1249,0.1605,0.8676,0.0957,-0.1107,-0.057,-0.7508,0.6487,0.1605,0.8676,0.0957,-0.1107,-0.057,-0.7508,0.6487,0.1191,0.9315,0.1812,0.1376,-0.2353,0.0791,0.9589,0.1087,0.925,0.2031,0.1376,-0.2353,0.0791,0.9589,0.1251,0.9179,0.1867,0.6538,-0.6445,0.3287,-0.2217,0.1407,0.9145,0.1703,0.6538,-0.6445,0.3287,-0.2217,0.1185,0.8994,0.1809,0.6738,-0.6379,0.2798,-0.2465,0.1352,0.8984,0.1617,0.6738,-0.6379,0.2798,-0.2465,0.1171,0.8845,0.1707,0.5698,-0.6993,0.2998,-0.3107,0.1353,0.8829,0.1538,0.5698,-0.6993,0.2998,-0.3107,0.1176,0.869,0.1633,0.5184,-0.744,0.2967,-0.2995,0.1338,0.8667,0.148,0.5184,-0.744,0.2967,-0.2995,4
1264,0.1608,0.8673,0.0957,-0.1101,-0.0579,-0.7488,0.651,0.1608,0.8673,0.0957,-0.1101,-0.0579,-0.7488,0.651,0.1189,0.9311,0.1811,0.1364,-0.2354,0.0812,0.9589,0.1085,0.9246,0.203,0.1364,-0.2354,0.0812,0.9589,0.1249,0.9175,0.1865,0.6557,-0.642,0.3288,-0.223,0.1406,0.9141,0.1702,0.6557,-0.642,0.3288,-0.223,0.1184,0.8989,0.1807,0.6759,-0.6359,0.2789,-0.247,0.1352,0.898,0.1616,0.6759,-0.6359,0.2789,-0.247,0.1172,0.884,0.1705,0.5719,-0.6971,0.2994,-0.312,0.1354,0.8825,0.1537,0.5719,-0.6971,0.2994,-0.312,0.1178,0.8685,0.1632,0.5206,-0.7419,0.2965,-0.3011,0.134,0.8663,0.1479,0.5206,-0.7419,0.2965,-0.3011,4
1277,0.1608,0.8672,0.096,-0.1108,-0.0598,-0.7466,0.6532,0.1608,0.8672,0.096,-0.1108,-0.0598,-0.7466,0.6532,0.1185,0.931,0.1811,0.1341,-0.2351,0.0842,0.959,0.1082,0.9246,0.2031,0.1341,-0.2351,0.0842,0.959,0.1246,0.9174,0.1866,0.6582,-0.6389,0.3299,-0.223,0.1403,0.9141,0.1703,0.6582,-0.6389,0.3299,-0.223,0.1182,0.8988,0.1809,0.6786,-0.6335,0.2786,-0.2461,0.1349,0.8979,0.1617,0.6786,-0.6335,0.2786,-0.2461,0.1171,0.8839,0.1707,0.5746,-0.6947,0.2996,-0.3122,0.1354,0.8825,0.1539,0.5746,-0.6947,0.2996,-0.3122,0.1179,0.8683,0.1634,0.5234,-0.7393,0.2972,-0.3019,0.1341,0.8662,0.1481,0.5234,-0.7393,0.2972,-0.3019,4
1291,0.1609,0.8671,0.0962,-0.111,-0.0617,-0.7441,0.6559,0.1609,0.8671,0.0962,-0.111,-0.0617,-0.7441,0.6559,0.1181,0.9308,0.1811,0.1324,-0.2348,0.0877,0.959,0.1078,0.9245,0.2031,0.1324,-0.2348,0.0877,0.959,0.1242,0.9173,0.1866,0.661,-0.6359,0.33,-0.2231,0.1399,0.9141,0.1703,0.661,-0.6359,0.33,-0.2231,0.1179,0.8986,0.1809,0.6814,-0.6306,0.2785,-0.2461,0.1347,0.8978,0.1617,0.6814,-0.6306,0.2785,-0.2461,0.117,0.8836,0.1707,0.5777,-0.6919,0.2995,-0.3128,0.1353,0.8823,0.1539,0.5777,-0.6919,0.2995,-0.3128,0.1179,0.8681,0.1635,0.5266,-0.7366,0.2975,-0.3027,0.1342,0.866,0.1483,0.5266,-0.7366,0.2975,-0.3027,4
1305,0.1611,0.867,0.0964,-0.1113,-0.0634,-0.7418,0.6583,0.1611,0.867,0.0964,-0.1113,-0.0634,-0.7418,0.6583,0.1178,0.9306,0.1811,0.1307,-0.2344,0.0907,0.959,0.1074,0.9244,0.2031,0.1307,-0.2344,0.0907,0.959,0.1238,0.9172,0.1867,0.6634,-0.6334,0.3299,-0.2231,0.1395,0.914,0.1704,0.6634,-0.6334,0.3299,-0.2231,0.1177,0.8984,0.181,0.6837,-0.628,0.2784,-0.2462,0.1345,0.8977,0.1618,0.6837,-0.628,0.2784,-0.2462,0.1169,0.8834,0.1708,0.5803,-0.6894,0.2994,-0.3135,0.1352,0.8822,0.154,0.5803,-0.6894,0.2994,-0.3135,0.118,0.8678,0.1636,0.5295,-0.7341,0.2978,-0.3033,0.1343,0.8658,0.1484,0.5295,-0.7341,0.2978,-0.3033,4
1319,0.1612,0.8669,0.0966,-0.1114,-0.0648,-0.7401,0.6601,0.1612,0.8669,0.0966,-0.1114,-0.0648,-0.7401,0.6601,0.1175,0.9305,0.1812,0.1292,-0.234,0.0929,0.9591,0.1072,0.9242,0.2033,0.1292,-0.234,0.0929,0.9591,0.1236,0.9171,0.1868,0.6655,-0.6317,0.3294,-0.2226,0.1393,0.9139,0.1705,0.6655,-0.6317,0.3294,-0.2226,0.1175,0.8983,0.181,0.6856,-0.626,0.2784,-0.2464,0.1343,0.8976,0.1618,0.6856,-0.626,0.2784,-0.2464,0.1169,0.8832,0.1708,0.5823,-0.6874,0.2994,-0.3141,0.1352,0.8821,0.154,0.5823,-0.6874,0.2994,-0.3141,0.118,0.8676,0.1637,0.5318,-0.7322,0.2982,-0.3037,0.1344,0.8656,0.1485,0.5318,-0.7322,0.2982,-0.3037,4
1333,0.1611,0.8669,0.0968,-0.1106,-0.0653,-0.7387,0.6616,0.1611,0.8669,0.0968,-0.1106,-0.0653,-0.7387,0.6616,0.1173,0.9303,0.1816,0.129,-0.2328,0.0929,0.9594,0.1071,0.924,0.2036,0.129,-0.2328,0.0929,0.9594,0.1232,0.9169,0.1873,0.6671,-0.6313,0.3273,-0.2221,0.1388,0.9138,0.1709,0.6671,-0.6313,0.3273,-0.2221,0.1172,0.898,0.1813,0.6869,-0.6248,0.2773,-0.2468,0.134,0.8974,0.1621,0.6869,-0.6248,0.2773,-0.2468,0.1166,0.883,0.171,0.5838,-0.6865,0.2981,-0.3147,0.135,0.8819,0.1543,0.5838,-0.6865,0.2981,-0.3147,0.1178,0.8673,0.1639,0.5334,-0.7314,0.2966,-0.3044,0.1342,0.8655,0.1487,0.5334,-0.7314,0.2966,-0.3044,4
1347,0.161,0.8671,0.0968,-0.1113,-0.0619,-0.736,0.6649,0.161,0.8671,0.0968,-0.1113,-0.0619,-0.736,0.6649,0.1174,0.9296,0.1823,0.1332,-0.2283,0.0954,0.9597,0.1074,0.9232,0.2044,0.1332,-0.2283,0.0954,0.9597,0.1233,0.9164,0.188,0.6709,-0.6322,0.3192,-0.2198,0.1387,0.9135,0.1714,0.6709,-0.6322,0.3192,-0.2198,0.1175,0.8975,0.1818,0.69,-0.6246,0.2708,-0.2458,0.134,0.8971,0.1624,0.69,-0.6246,0.2708,-0.2458,0.1169,0.8825,0.1714,0.5871,-0.6868,0.2917,-0.3137,0.1351,0.8817,0.1544,0.5871,-0.6868,0.2917,-0.3137,0.1182,0.8669,0.1641,0.5369,-0.7317,0.2905,-0.3034,0.1344,0.8653,0.1487,0.5369,-0.7317,0.2905,-0.3034,4
1361,0.1609,0.8673,0.0968,-0.1131,-0.0566,-0.7346,0.6666,0.1609,0.8673,0.0968,-0.1131,-0.0566,-0.7346,0.6666,0.1181,0.9293,0.1831,0.1358,-0.2227,0.0947,0.9607,0.1083,0.9228,0.2053,0.1358,-0.2227,0.0947,0.9607,0.124,0.9161,0.1888,0.6732,-0.634,0.3122,-0.2178,0.1391,0.9134,0.1719,0.6732,-0.634,0.3122,-0.2178,0.1181,0.8972,0.1825,0.692,-0.6262,0.2638,-0.2439,0.1343,0.897,0.1628,0.692,-0.6262,0.2638,-0.2439,0.1175,0.8822,0.1719,0.5893,-0.6891,0.2847,-0.3112,0.1354,0.8816,0.1547,0.5893,-0.6891,0.2847,-0.3112,0.1187,0.8667,0.1645,0.5388,-0.7337,0.2842,-0.301,0.1348,0.8652,0.1489,0.5388,-0.7337,0.2842,-0.301,4
1375,0.1607,0.8673,0.0969,-0.1133,-0.0535,-0.7364,0.6648,0.1607,0.8673,0.0969,-0.1133,-0.0535,-0.7364,0.6648,0.1187,0.9293,0.1836,0.1335,-0.2214,0.0898,0.9618,0.1089,0.923,0.2059,0.1335,-0.2214,0.0898,0.9618,0.1244,0.9159,0.1892,0.6713,-0.6371,0.3101,-0.2175,0.1395,0.9132,0.1723,0.6713,-0.6371,0.3101,-0.2175,0.1184,0.8971,0.1829,0.6903,-0.6296,0.2611,-0.2429,0.1345,0.8969,0.1632,0.6903,-0.6296,0.2611,-0.2429,0.1176,0.8822,0.1723,0.5875,-0.6925,0.2821,-0.3095,0.1354,0.8815,0.155,0.5875,-0.6925,0.2821,-0.3095,0.1188,0.8667,0.1648,0.5368,-0.7368,0.2817,-0.2994,0.1347,0.8652,0.1492,0.5368,-0.7368,0.2817,-0.2994,4
1389,0.1606,0.8674,0.0969,-0.1145,-0.0536,-0.7383,0.6625,0.1606,0.8674,0.0969,-0.1145,-0.0536,-0.7383,0.6625,0.1189,0.9298,0.1835,0.132,-0.2218,0.0881,0.9621,0.1092,0.9235,0.2058,0.132,-0.2218,0.0881,0.9621,0.1248,0.9164,0.1892,0.6694,-0.6385,0.3118,-0.2166,0.1399,0.9136,0.1722,0.6694,-0.6385,0.3118,-0.2166,0.1186,0.8976,0.1829,0.6887,-0.6314,0.2623,-0.2413,0.1347,0.8972,0.1632,0.6887,-0.6314,0.2623,-0.2413,0.1177,0.8827,0.1724,0.5859,-0.6942,0.2832,-0.3077,0.1355,0.8819,0.155,0.5859,-0.6942,0.2832,-0.3077,0.1188,0.8672,0.1649,0.5351,-0.7385,0.2825,-0.2974,0.1346,0.8655,0.1492,0.5351,-0.7385,0.2825,-0.2974,4
1403,0.1606,0.8675,0.0969,-0.1155,-0.0536,-0.7397,0.6608,0.1606,0.8675,0.0969,-0.1155,-0.0536,-0.7397,0.6608,0.1191,0.9301,0.1835,0.1315,-0.2221,0.0873,0.9622,0.1093,0.9238,0.2057,0.1315,-0.2221,0.0873,0.9622,0.1251,0.9168,0.1891,0.6679,-0.6393,0.3138,-0.2165,0.1402,0.9138,0.1722,0.6679,-0.6393,0.3138,-0.2165,0.1188,0.898,0.1829,0.6874,-0.6326,0.2636,-0.2404,0.1349,0.8975,0.1632,0.6874,-0.6326,0.2636,-0.2404,0.1178,0.8831,0.1724,0.5846,-0.6954,0.2842,-0.3064,0.1356,0.8821,0.155,0.5846,-0.6954,0.2842,-0.3064,0.1188,0.8676,0.165,0.5339,-0.7399,0.2829,-0.2959,0.1346,0.8658,0.1493,0.5339,-0.7399,0.2829,-0.2959,4
1417,0.1605,0.8676,0.0969,-0.1165,-0.0535,-0.741,0.6591,0.1605,0.8676,0.0969,-0.1165,-0.0535,-0.741,0.6591,0.1192,0.9303,0.1834,0.1313,-0.2225,0.0869,0.9621,0.1094,0.9241,0.2057,0.1313,-0.2225,0.0869,0.9621,0.1254,0.9171,0.189,0.6662,-0.6398,0.316,-0.2167,0.1406,0.9141,0.1722,0.6662,-0.6398,0.316,-0.2167,0.119,0.8984,0.1829,0.6862,-0.6337,0.265,-0.2396,0.1352,0.8978,0.1632,0.6862,-0.6337,0.265,-0.2396,0.1179,0.8834,0.1725,0.5834,-0.6966,0.2852,-0.3052,0.1357,0.8824,0.1551,0.5834,-0.6966,0.2852,-0.3052,0.1188,0.8679,0.1651,0.5326,-0.7412,0.2833,-0.2944,0.1346,0.8661,0.1493,0.5326,-0.7412,0.2833,-0.2944,4
1431,0.1605,0.8675,0.0968,-0.1151,-0.0527,-0.7409,0.6596,0.1605,0.8675,0.0968,-0.1151,-0.0527,-0.7409,0.6596,0.1192,0.93,0.1835,0.1316,-0.2225,0.0858,0.9622,0.1094,0.9238,0.2058,0.1316,-0.2225,0.0858,0.9622,0.1253,0.9168,0.189,0.6657,-0.6399,0.3154,-0.2188,0.1405,0.9138,0.1722,0.6657,-0.6399,0.3154,-0.2188,0.1189,0.898,0.1829,0.6858,-0.6336,0.2645,-0.2415,0.1351,0.8975,0.1632,0.6858,-0.6336,0.2645,-0.2415,0.1179,0.8831,0.1724,0.5828,-0.6965,0.2846,-0.3069,0.1356,0.8822,0.155,0.5828,-0.6965,0.2846,-0.3069,0.1187,0.8676,0.1649,0.5323,-0.7413,0.2825,-0.2956,0.1345,0.8659,0.1492,0.5323,-0.7413,0.2825,-0.2956,4
1445,0.1604,0.8675,0.0969,-0.1152,-0.0526,-0.7409,0.6595,0.1604,0.8675,0.0969,-0.1152,-0.0526,-0.7409,0.6595,0.1191,0.93,0.1835,0.1331,-0.2226,0.0866,0.9619,0.1093,0.9237,0.2058,0.1331,-0.2226,0.0866,0.9619,0.1252,0.9168,0.1891,0.6658,-0.6403,0.3146,-0.2185,0.1404,0.9139,0.1723,0.6658,-0.6403,0.3146,-0.2185,0.1188,0.8981,0.1829,0.6857,-0.6337,0.2643,-0.2417,0.135,0.8976,0.1633,0.6857,-0.6337,0.2643,-0.2417,0.1177,0.8832,0.1724,0.5828,-0.6967,0.2842,-0.3068,0.1355,0.8822,0.155,0.5828,-0.6967,0.2842,-0.3068,0.1185,0.8677,0.165,0.5326,-0.742,0.2809,-0.2947,0.1343,0.866,0.1491,0.5326,-0.742,0.2809,-0.2947,4
1459,0.1603,0.8676,0.0968,-0.1161,-0.0508,-0.7408,0.6597,0.1603,0.8676,0.0968,-0.1161,-0.0508,-0.7408,0.6597,0.1192,0.9299,0.1838,0.1343,-0.2209,0.0865,0.9621,0.1095,0.9235,0.206,0.1343,-0.2209,0.0865,0.9621,0.1254,0.9168,0.1893,0.6664,-0.6418,0.3113,-0.217,0.1405,0.9139,0.1724,0.6664,-0.6418,0.3113,-0.217,0.119,0.898,0.1832,0.6858,-0.6344,0.2625,-0.2414,0.1352,0.8976,0.1634,0.6858,-0.6344,0.2625,-0.2414,0.1179,0.8832,0.1726,0.5831,-0.6978,0.282,-0.3059,0.1356,0.8823,0.1551,0.5831,-0.6978,0.282,-0.3059,0.1187,0.8677,0.1651,0.5328,-0.7429,0.2791,-0.2937,0.1344,0.866,0.1492,0.5328,-0.7429,0.2791,-0.2937,4
1473,0.1603,0.8677,0.0968,-0.1165,-0.05,-0.7422,0.6581,0.1603,0.8677,0.0968,-0.1165,-0.05,-0.7422,0.6581,0.1195,0.9301,0.1838,0.1351,-0.221,0.085,0.9621,0.1098,0.9237,0.2061,0.1351,-0.221,0.085,0.9621,0.1257,0.9169,0.1894,0.6652,-0.6437,0.3108,-0.2158,0.1407,0.914,0.1725,0.6652,-0.6437,0.3108,-0.2158,0.1193,0.8982,0.1833,0.6844,-0.6361,0.2625,-0.2408,0.1354,0.8977,0.1635,0.6844,-0.6361,0.2625,-0.2408,0.118,0.8834,0.1727,0.5816,-0.6997,0.2816,-0.3048,0.1357,0.8824,0.1552,0.5816,-0.6997,0.2816,-0.3048,0.1188,0.8679,0.1652,0.5312,-0.7445,0.2789,-0.293,0.1344,0.8661,0.1492,0.5312,-0.7445,0.2789,-0.293,4
1486,0.1603,0.8677,0.0968,-0.117,-0.0491,-0.7435,0.6566,0.1603,0.8677,0.0968,-0.117,-0.0491,-0.7435,0.6566,0.1198,0.9302,0.1838,0.1362,-0.2211,0.0838,0.962,0.11,0.9238,0.2061,0.1362,-0.2211,0.0838,0.962,0.126,0.9171,0.1895,0.6641,-0.6454,0.3105,-0.2146,0.141,0.9141,0.1725,0.6641,-0.6454,0.3105,-0.2146,0.1195,0.8984,0.1834,0.6831,-0.6378,0.2624,-0.2403,0.1356,0.8979,0.1636,0.6831,-0.6378,0.2624,-0.2403,0.1182,0.8836,0.1728,0.5803,-0.7015,0.281,-0.3036,0.1358,0.8826,0.1553,0.5803,-0.7015,0.281,-0.3036,0.1189,0.8681,0.1652,0.5296,-0.746,0.2786,-0.2922,0.1345,0.8663,0.1493,0.5296,-0.746,0.2786,-0.2922,4
1501,0.1604,0.8677,0.0968,-0.1155,-0.0489,-0.7455,0.6546,0.1604,0.8677,0.0968,-0.1155,-0.0489,-0.7455,0.6546,0.12,0.9304,0.1838,0.1356,-0.2228,0.0808,0.962,0.1102,0.924,0.206,0.1356,-0.2228,0.0808,0.962,0.1261,0.9171,0.1895,0.6618,-0.6473,0.3111,-0.215,0.1411,0.914,0.1726,0.6618,-0.6473,0.3111,-0.215,0.1195,0.8985,0.1833,0.6808,-0.6395,0.2635,-0.2411,0.1357,0.8979,0.1636,0.6808,-0.6395,0.2635,-0.2411,0.1181,0.8837,0.1728,0.5778,-0.7029,0.282,-0.3042,0.1357,0.8826,0.1552,0.5778,-0.7029,0.282,-0.3042,0.1188,0.8682,0.1651,0.527,-0.7472,0.2797,-0.2929,0.1344,0.8664,0.1492,0.527,-0.7472,0.2797,-0.2929,4
1514,0.1604,0.8678,0.0968,-0.1143,-0.0487,-0.7472,0.6529,0.1604,0.8678,0.0968,-0.1143,-0.0487,-0.7472,0.6529,0.1202,0.9305,0.1838,0.1347,-0.224,0.078,0.9621,0.1103,0.9242,0.206,0.1347,-0.224,0.078,0.9621,0.1263,0.9172,0.1895,0.6599,-0.649,0.3116,-0.2152,0.1413,0.914,0.1726,0.6599,-0.649,0.3116,-0.2152,0.1196,0.8986,0.1833,0.6789,-0.641,0.2644,-0.2416,0.1358,0.8979,0.1636,0.6789,-0.641,0.2644,-0.2416,0.1181,0.8838,0.1727,0.5757,-0.7042,0.2828,-0.3046,0.1358,0.8826,0.1552,0.5757,-0.7042,0.2828,-0.3046,0.1187,0.8683,0.165,0.5247,-0.7482,0.2807,-0.2934,0.1344,0.8664,0.1492,0.5247,-0.7482,0.2807,-0.2934,4
1529,0.1605,0.8677,0.0968,-0.1137,-0.0485,-0.7468,0.6535,0.1605,0.8677,0.0968,-0.1137,-0.0485,-0.7468,0.6535,0.1202,0.9303,0.1839,0.1346,-0.224,0.078,0.9621,0.1103,0.924,0.2061,0.1346,-0.224,0.078,0.9621,0.1262,0.9169,0.1895,0.6597,-0.6478,0.3128,-0.2173,0.1413,0.9138,0.1727,0.6597,-0.6478,0.3128,-0.2173,0.1196,0.8983,0.1833,0.6789,-0.64,0.2651,-0.2432,0.1358,0.8977,0.1637,0.6789,-0.64,0.2651,-0.2432,0.1181,0.8835,0.1727,0.5757,-0.7033,0.2834,-0.306,0.1358,0.8824,0.1553,0.5757,-0.7033,0.2834,-0.306,0.1187,0.868,0.1651,0.5249,-0.7479,0.2803,-0.2942,0.1344,0.8662,0.1493,0.5249,-0.7479,0.2803,-0.2942,4
1542,0.1606,0.8675,0.0972,-0.1168,-0.0497,-0.7495,0.6498,0.1606,0.8675,0.0972,-0.1168,-0.0497,-0.7495,0.6498,0.1209,0.9308,0.184,0.1338,-0.2237,0.0762,0.9624,0.111,0.9246,0.2062,0.1338,-0.2237,0.0762,0.9624,0.1271,0.9176,0.1895,0.6576,-0.6493,0.3166,-0.2138,0.1421,0.9143,0.1727,0.6576,-0.6493,0.3166,-0.2138,0.1202,0.899,0.1835,0.6768,-0.6418,0.2691,-0.2401,0.1365,0.8981,0.1639,0.6768,-0.6418,0.2691,-0.2401,0.1186,0.8842,0.173,0.5735,-0.705,0.2873,-0.3025,0.1363,0.8828,0.1556,0.5735,-0.705,0.2873,-0.3025,0.119,0.8687,0.1655,0.5226,-0.7497,0.2836,-0.2906,0.1347,0.8666,0.1497,0.5226,-0.7497,0.2836,-0.2906,4
1556,0.1608,0.8673,0.097,-0.1192,-0.0573,-0.7499,0.6482,0.1608,0.8673,0.097,-0.1192,-0.0573,-0.7499,0.6482,0.1205,0.9319,0.1826,0.13,-0.2265,0.0789,0.9621,0.1105,0.9258,0.2048,0.13,-0.2265,0.0789,0.9621,0.1267,0.9188,0.1882,0.657,-0.6451,0.3269,-0.213,0.142,0.9152,0.1716,0.657,-0.6451,0.3269,-0.213,0.1199,0.9002,0.1824,0.6768,-0.6386,0.278,-0.2383,0.1364,0.8989,0.163,0.6768,-0.6386,0.278,-0.2383,0.1183,0.8852,0.1723,0.574,-0.7016,0.296,-0.3012,0.1362,0.8835,0.155,0.574,-0.7016,0.296,-0.3012,0.1188,0.8696,0.165,0.5232,-0.7465,0.2921,-0.2892,0.1346,0.8672,0.1493,0.5232,-0.7465,0.2921,-0.2892,4
1570,0.161,0.8671,0.0967,-0.1207,-0.0621,-0.7503,0.647,0.161,0.8671,0.0967,-0.1207,-0.0621,-0.7503,0.647,0.1203,0.9324,0.1816,0.1297,-0.2282,0.0809,0.9615,0.1102,0.9263,0.2037,0.1297,-0.2282,0.0809,0.9615,0.1266,0.9194,0.187,0.656,-0.6415,0.3352,-0.2137,0.1422,0.9156,0.1707,0.656,-0.6415,0.3352,-0.2137,0.1198,0.9008,0.1816,0.6764,-0.6363,0.2846,-0.2378,0.1365,0.8994,0.1623,0.6764,-0.6363,0.2846,-0.2378,0.1183,0.8857,0.1716,0.574,-0.6991,0.3023,-0.3006,0.1363,0.8838,0.1546,0.574,-0.6991,0.3023,-0.3006,0.1187,0.87,0.1645,0.5235,-0.7443,0.2982,-0.2882,0.1346,0.8674,0.149,0.5235,-0.7443,0.2982,-0.2882,4
1584,0.1612,0.8672,0.0964,-0.1179,-0.0661,-0.7518,0.6454,0.1612,0.8672,0.0964,-0.1179,-0.0661,-0.7518,0.6454,0.1201,0.9329,0.1806,0.1268,-0.2326,0.0792,0.961,0.1098,0.927,0.2027,0.1268,-0.2326,0.0792,0.961,0.1261,0.9199,0.1861,0.6537,-0.6406,0.3402,-0.2156,0.1418,0.916,0.17,0.6537,-0.6406,0.3402,-0.2156,0.1194,0.9012,0.1806,0.6742,-0.6353,0.29,-0.2403,0.1363,0.8997,0.1616,0.6742,-0.6353,0.29,-0.2403,0.1179,0.8861,0.1707,0.5718,-0.6976,0.3074,-0.3031,0.136,0.8841,0.1539,0.5718,-0.6976,0.3074,-0.3031,0.1183,0.8704,0.1637,0.5215,-0.743,0.3029,-0.2903,0.1343,0.8677,0.1483,0.5215,-0.743,0.3029,-0.2903,4
1598,0.162,0.8675,0.0962,-0.1147,-0.0658,-0.7498,0.6483,0.162,0.8675,0.0962,-0.1147,-0.0658,-0.7498,0.6483,0.1203,0.9325,0.1807,0.1279,-0.2332,0.0802,0.9606,0.11,0.9265,0.2028,0.1279,-0.2332,0.0802,0.9606,0.1262,0.9194,0.1861,0.6552,-0.6391,0.3382,-0.2186,0.1419,0.9157,0.17,0.6552,-0.6391,0.3382,-0.2186,0.1196,0.9007,0.1805,0.6755,-0.6333,0.2886,-0.2438,0.1366,0.8994,0.1615,0.6755,-0.6333,0.2886,-0.2438,0.1182,0.8857,0.1705,0.5731,-0.6958,0.3055,-0.3066,0.1365,0.8838,0.1537,0.5731,-0.6958,0.3055,-0.3066,0.1188,0.87,0.1634,0.523,-0.7413,0.3012,-0.2936,0.1349,0.8675,0.1481,0.523,-0.7413,0.3012,-0.2936,4
1612,0.1626,0.868,0.0958,-0.1127,-0.0641,-0.7469,0.6521,0.1626,0.868,0.0958,-0.1127,-0.0641,-0.7469,0.6521,0.1206,0.9323,0.1807,0.1294,-0.232,0.082,0.9606,0.1103,0.9262,0.2028,0.1294,-0.232,0.082,0.9606,0.1263,0.9191,0.186,0.6579,-0.6373,0.3347,-0.2214,0.142,0.9156,0.1698,0.6579,-0.6373,0.3347,-0.2214,0.1199,0.9004,0.1802,0.6779,-0.631,0.2853,-0.2467,0.1369,0.8993,0.1612,0.6779,-0.631,0.2853,-0.2467,0.1187,0.8854,0.1702,0.5756,-0.694,0.3021,-0.3096,0.1369,0.8838,0.1533,0.5756,-0.694,0.3021,-0.3096,0.1194,0.8697,0.163,0.5256,-0.7398,0.2976,-0.2966,0.1355,0.8674,0.1477,0.5256,-0.7398,0.2976,-0.2966,4
1626,0.1632,0.8685,0.0953,-0.1106,-0.0627,-0.7441,0.6558,0.1632,0.8685,0.0953,-0.1106,-0.0627,-0.7441,0.6558,0.1208,0.9322,0.1806,0.1295,-0.2309,0.0833,0.9607,0.1106,0.9261,0.2027,0.1295,-0.2309,0.0833,0.9607,0.1264,0.9188,0.1859,0.6603,-0.6355,0.3314,-0.2241,0.1422,0.9156,0.1697,0.6603,-0.6355,0.3314,-0.2241,0.1202,0.9001,0.18,0.6802,-0.6288,0.2823,-0.2494,0.1371,0.8993,0.161,0.6802,-0.6288,0.2823,-0.2494,0.1191,0.8851,0.1698,0.5779,-0.6921,0.299,-0.3125,0.1374,0.8838,0.153,0.5779,-0.6921,0.299,-0.3125,0.1199,0.8695,0.1626,0.528,-0.7382,0.2942,-0.2995,0.1361,0.8675,0.1472,0.528,-0.7382,0.2942,-0.2995,4
